request_id,request_date,location_id,region,division,request_type,priority,target_hours,turnaround_hours,met_target,requester_group
REQ-00001,2026-01-01,LOC-1036,Northeast,Facility Services,source_access,standard,48,57.4,False,Corporate Safety
REQ-00002,2026-01-01,LOC-1025,Northeast,Uniform Rental,exception_review,urgent,12,22.7,False,Field Operations
REQ-00003,2026-01-01,LOC-1010,Great Lakes,Facility Services,report_training,standard,48,45.7,True,Field Operations
REQ-00004,2026-01-02,LOC-1027,Northeast,Uniform Rental,exception_review,standard,48,44.4,True,Field Operations
REQ-00005,2026-01-02,LOC-1040,Southeast,First Aid & Safety,metric_definition,standard,48,48.8,False,Field Operations
REQ-00006,2026-01-03,LOC-1011,Great Lakes,Facility Services,exception_review,standard,48,35.6,True,Business Leader
REQ-00007,2026-01-03,LOC-1053,South Central,First Aid & Safety,ad_hoc_data_pull,urgent,12,6.1,True,Field Operations
REQ-00008,2026-01-03,LOC-1012,Great Lakes,Facility Services,report_training,urgent,12,9.4,True,Field Operations
REQ-00009,2026-01-03,LOC-1067,West,Fire Protection,report_training,standard,48,24.4,True,Field Operations
REQ-00010,2026-01-04,LOC-1066,West,First Aid & Safety,report_training,low,96,87.7,True,Corporate Safety
REQ-00011,2026-01-04,LOC-1016,Midwest,First Aid & Safety,ad_hoc_data_pull,standard,48,51.8,False,Field Operations
REQ-00012,2026-01-04,LOC-1046,Southeast,Facility Services,source_access,standard,48,43.5,True,Field Operations
REQ-00013,2026-01-04,LOC-1035,Northeast,Facility Services,ad_hoc_data_pull,urgent,12,8.7,True,Field Operations
REQ-00014,2026-01-05,LOC-1007,Great Lakes,Fire Protection,report_training,standard,48,37.1,True,Field Operations
REQ-00015,2026-01-05,LOC-1017,Midwest,First Aid & Safety,exception_review,standard,48,54.7,False,Field Operations
REQ-00016,2026-01-05,LOC-1033,Northeast,Fire Protection,exception_review,standard,48,39.7,True,Business Leader
REQ-00017,2026-01-05,LOC-1032,Northeast,Fire Protection,exception_review,standard,48,52.4,False,Field Operations
REQ-00018,2026-01-05,LOC-1024,Midwest,Facility Services,source_access,standard,48,54.5,False,Business Leader
REQ-00019,2026-01-05,LOC-1005,Great Lakes,First Aid & Safety,metric_definition,standard,48,9.7,True,Field Operations
REQ-00020,2026-01-05,LOC-1036,Northeast,Facility Services,exception_review,standard,48,40.8,True,Field Operations
REQ-00021,2026-01-05,LOC-1072,West,Facility Services,report_training,standard,48,42.9,True,Field Operations
REQ-00022,2026-01-05,LOC-1033,Northeast,Fire Protection,report_training,low,96,67.9,True,Field Operations
REQ-00023,2026-01-06,LOC-1041,Southeast,First Aid & Safety,report_training,standard,48,18.3,True,Corporate Safety
REQ-00024,2026-01-06,LOC-1013,Midwest,Uniform Rental,ad_hoc_data_pull,low,96,46.0,True,Field Operations
REQ-00025,2026-01-06,LOC-1020,Midwest,Fire Protection,ad_hoc_data_pull,standard,48,29.3,True,Field Operations
REQ-00026,2026-01-06,LOC-1041,Southeast,First Aid & Safety,exception_review,standard,48,52.2,False,Corporate Safety
REQ-00027,2026-01-06,LOC-1059,South Central,Facility Services,exception_review,standard,48,47.9,True,Field Operations
REQ-00028,2026-01-06,LOC-1002,Great Lakes,Uniform Rental,source_access,standard,48,43.5,True,Business Leader
REQ-00029,2026-01-06,LOC-1032,Northeast,Fire Protection,report_training,urgent,12,11.2,True,Corporate Safety
REQ-00030,2026-01-07,LOC-1063,West,Uniform Rental,metric_definition,standard,48,39.5,True,Business Leader
REQ-00031,2026-01-07,LOC-1011,Great Lakes,Facility Services,exception_review,standard,48,57.7,False,Business Leader
REQ-00032,2026-01-07,LOC-1057,South Central,Fire Protection,ad_hoc_data_pull,low,96,94.2,True,Field Operations
REQ-00033,2026-01-07,LOC-1032,Northeast,Fire Protection,ad_hoc_data_pull,standard,48,36.8,True,Corporate Safety
REQ-00034,2026-01-08,LOC-1072,West,Facility Services,report_training,standard,48,49.9,False,Field Operations
REQ-00035,2026-01-08,LOC-1043,Southeast,Fire Protection,source_access,low,96,81.3,True,Corporate Safety
REQ-00036,2026-01-09,LOC-1045,Southeast,Fire Protection,exception_review,standard,48,27.9,True,Field Operations
REQ-00037,2026-01-09,LOC-1021,Midwest,Fire Protection,source_access,standard,48,26.7,True,Corporate Safety
REQ-00038,2026-01-09,LOC-1013,Midwest,Uniform Rental,ad_hoc_data_pull,standard,48,30.7,True,Field Operations
REQ-00039,2026-01-10,LOC-1011,Great Lakes,Facility Services,ad_hoc_data_pull,standard,48,45.1,True,Field Operations
REQ-00040,2026-01-11,LOC-1046,Southeast,Facility Services,source_access,low,96,113.9,False,Field Operations
REQ-00041,2026-01-11,LOC-1069,West,Fire Protection,ad_hoc_data_pull,standard,48,44.5,True,Field Operations
REQ-00042,2026-01-11,LOC-1030,Northeast,First Aid & Safety,exception_review,low,96,124.7,False,Field Operations
REQ-00043,2026-01-11,LOC-1037,Southeast,Uniform Rental,exception_review,low,96,55.1,True,Field Operations
REQ-00044,2026-01-11,LOC-1023,Midwest,Facility Services,exception_review,standard,48,60.2,False,Corporate Safety
REQ-00045,2026-01-12,LOC-1059,South Central,Facility Services,metric_definition,standard,48,40.0,True,Field Operations
REQ-00046,2026-01-12,LOC-1040,Southeast,First Aid & Safety,exception_review,standard,48,30.6,True,Field Operations
REQ-00047,2026-01-12,LOC-1046,Southeast,Facility Services,report_training,standard,48,36.6,True,Field Operations
REQ-00048,2026-01-12,LOC-1062,West,Uniform Rental,metric_definition,low,96,85.8,True,Field Operations
REQ-00049,2026-01-12,LOC-1033,Northeast,Fire Protection,exception_review,low,96,72.7,True,Business Leader
REQ-00050,2026-01-12,LOC-1019,Midwest,Fire Protection,ad_hoc_data_pull,low,96,111.0,False,Corporate Safety
REQ-00051,2026-01-12,LOC-1066,West,First Aid & Safety,exception_review,low,96,80.4,True,Corporate Safety
REQ-00052,2026-01-13,LOC-1023,Midwest,Facility Services,ad_hoc_data_pull,standard,48,31.1,True,Corporate Safety
REQ-00053,2026-01-13,LOC-1012,Great Lakes,Facility Services,report_training,standard,48,38.0,True,Corporate Safety
REQ-00054,2026-01-13,LOC-1003,Great Lakes,Uniform Rental,exception_review,standard,48,68.4,False,Business Leader
REQ-00055,2026-01-13,LOC-1011,Great Lakes,Facility Services,ad_hoc_data_pull,low,96,97.8,False,Field Operations
REQ-00056,2026-01-13,LOC-1068,West,Fire Protection,report_training,urgent,12,8.5,True,Field Operations
REQ-00057,2026-01-15,LOC-1066,West,First Aid & Safety,report_training,standard,48,31.1,True,Field Operations
REQ-00058,2026-01-15,LOC-1052,South Central,First Aid & Safety,exception_review,standard,48,48.8,False,Field Operations
REQ-00059,2026-01-15,LOC-1001,Great Lakes,Uniform Rental,metric_definition,standard,48,51.6,False,Business Leader
REQ-00060,2026-01-16,LOC-1049,South Central,Uniform Rental,report_training,standard,48,40.1,True,Corporate Safety
REQ-00061,2026-01-16,LOC-1066,West,First Aid & Safety,exception_review,standard,48,50.9,False,Field Operations
REQ-00062,2026-01-16,LOC-1066,West,First Aid & Safety,ad_hoc_data_pull,standard,48,28.7,True,Corporate Safety
REQ-00063,2026-01-16,LOC-1052,South Central,First Aid & Safety,source_access,urgent,12,16.8,False,Corporate Safety
REQ-00064,2026-01-16,LOC-1009,Great Lakes,Fire Protection,source_access,urgent,12,15.8,False,Field Operations
REQ-00065,2026-01-16,LOC-1030,Northeast,First Aid & Safety,metric_definition,low,96,93.1,True,Field Operations
REQ-00066,2026-01-16,LOC-1040,Southeast,First Aid & Safety,metric_definition,standard,48,39.1,True,Corporate Safety
REQ-00067,2026-01-16,LOC-1070,West,Facility Services,report_training,standard,48,31.7,True,Field Operations
REQ-00068,2026-01-16,LOC-1062,West,Uniform Rental,exception_review,standard,48,50.1,False,Field Operations
REQ-00069,2026-01-17,LOC-1023,Midwest,Facility Services,exception_review,standard,48,59.6,False,Corporate Safety
REQ-00070,2026-01-17,LOC-1071,West,Facility Services,ad_hoc_data_pull,standard,48,23.2,True,Field Operations
REQ-00071,2026-01-18,LOC-1052,South Central,First Aid & Safety,source_access,standard,48,47.3,True,Field Operations
REQ-00072,2026-01-19,LOC-1034,Northeast,Facility Services,ad_hoc_data_pull,standard,48,62.1,False,Field Operations
REQ-00073,2026-01-19,LOC-1024,Midwest,Facility Services,ad_hoc_data_pull,low,96,78.1,True,Business Leader
REQ-00074,2026-01-19,LOC-1011,Great Lakes,Facility Services,exception_review,urgent,12,10.6,True,Field Operations
REQ-00075,2026-01-19,LOC-1025,Northeast,Uniform Rental,ad_hoc_data_pull,standard,48,36.6,True,Field Operations
REQ-00076,2026-01-19,LOC-1072,West,Facility Services,ad_hoc_data_pull,standard,48,38.3,True,Field Operations
REQ-00077,2026-01-19,LOC-1011,Great Lakes,Facility Services,exception_review,standard,48,50.8,False,Field Operations
REQ-00078,2026-01-20,LOC-1002,Great Lakes,Uniform Rental,exception_review,standard,48,40.7,True,Corporate Safety
REQ-00079,2026-01-21,LOC-1016,Midwest,First Aid & Safety,report_training,low,96,117.9,False,Field Operations
REQ-00080,2026-01-21,LOC-1043,Southeast,Fire Protection,exception_review,urgent,12,15.2,False,Corporate Safety
REQ-00081,2026-01-21,LOC-1009,Great Lakes,Fire Protection,exception_review,low,96,80.3,True,Field Operations
REQ-00082,2026-01-22,LOC-1058,South Central,Facility Services,metric_definition,standard,48,34.0,True,Field Operations
REQ-00083,2026-01-22,LOC-1061,West,Uniform Rental,source_access,standard,48,58.2,False,Corporate Safety
REQ-00084,2026-01-22,LOC-1052,South Central,First Aid & Safety,ad_hoc_data_pull,standard,48,39.1,True,Corporate Safety
REQ-00085,2026-01-22,LOC-1022,Midwest,Facility Services,ad_hoc_data_pull,standard,48,32.3,True,Field Operations
REQ-00086,2026-01-22,LOC-1025,Northeast,Uniform Rental,ad_hoc_data_pull,urgent,12,14.4,False,Field Operations
REQ-00087,2026-01-23,LOC-1042,Southeast,First Aid & Safety,ad_hoc_data_pull,standard,48,16.3,True,Field Operations
REQ-00088,2026-01-23,LOC-1043,Southeast,Fire Protection,ad_hoc_data_pull,standard,48,29.3,True,Business Leader
REQ-00089,2026-01-24,LOC-1009,Great Lakes,Fire Protection,metric_definition,standard,48,34.3,True,Business Leader
REQ-00090,2026-01-24,LOC-1057,South Central,Fire Protection,report_training,low,96,117.5,False,Field Operations
REQ-00091,2026-01-24,LOC-1014,Midwest,Uniform Rental,source_access,standard,48,37.5,True,Field Operations
REQ-00092,2026-01-24,LOC-1045,Southeast,Fire Protection,report_training,urgent,12,8.2,True,Field Operations
REQ-00093,2026-01-24,LOC-1012,Great Lakes,Facility Services,report_training,standard,48,44.8,True,Corporate Safety
REQ-00094,2026-01-24,LOC-1016,Midwest,First Aid & Safety,exception_review,standard,48,60.0,False,Field Operations
REQ-00095,2026-01-24,LOC-1003,Great Lakes,Uniform Rental,ad_hoc_data_pull,standard,48,25.9,True,Corporate Safety
REQ-00096,2026-01-24,LOC-1061,West,Uniform Rental,exception_review,standard,48,43.7,True,Field Operations
REQ-00097,2026-01-24,LOC-1062,West,Uniform Rental,ad_hoc_data_pull,standard,48,45.5,True,Field Operations
REQ-00098,2026-01-24,LOC-1051,South Central,Uniform Rental,report_training,standard,48,10.2,True,Field Operations
REQ-00099,2026-01-24,LOC-1013,Midwest,Uniform Rental,ad_hoc_data_pull,standard,48,41.4,True,Field Operations
REQ-00100,2026-01-24,LOC-1004,Great Lakes,First Aid & Safety,ad_hoc_data_pull,standard,48,27.1,True,Business Leader
REQ-00101,2026-01-24,LOC-1022,Midwest,Facility Services,source_access,standard,48,37.4,True,Corporate Safety
REQ-00102,2026-01-24,LOC-1055,South Central,Fire Protection,metric_definition,standard,48,38.1,True,Field Operations
REQ-00103,2026-01-25,LOC-1066,West,First Aid & Safety,report_training,standard,48,43.4,True,Field Operations
REQ-00104,2026-01-25,LOC-1047,Southeast,Facility Services,ad_hoc_data_pull,standard,48,57.7,False,Field Operations
REQ-00105,2026-01-25,LOC-1041,Southeast,First Aid & Safety,exception_review,standard,48,46.9,True,Field Operations
REQ-00106,2026-01-25,LOC-1068,West,Fire Protection,report_training,standard,48,27.4,True,Corporate Safety
REQ-00107,2026-01-26,LOC-1034,Northeast,Facility Services,ad_hoc_data_pull,standard,48,37.7,True,Field Operations
REQ-00108,2026-01-26,LOC-1010,Great Lakes,Facility Services,ad_hoc_data_pull,urgent,12,6.6,True,Corporate Safety
REQ-00109,2026-01-26,LOC-1006,Great Lakes,First Aid & Safety,exception_review,standard,48,34.2,True,Business Leader
REQ-00110,2026-01-26,LOC-1035,Northeast,Facility Services,metric_definition,standard,48,17.2,True,Field Operations
REQ-00111,2026-01-26,LOC-1005,Great Lakes,First Aid & Safety,source_access,standard,48,34.4,True,Field Operations
REQ-00112,2026-01-26,LOC-1059,South Central,Facility Services,metric_definition,standard,48,37.2,True,Business Leader
REQ-00113,2026-01-26,LOC-1058,South Central,Facility Services,report_training,urgent,12,8.9,True,Business Leader
REQ-00114,2026-01-27,LOC-1003,Great Lakes,Uniform Rental,exception_review,standard,48,47.8,True,Corporate Safety
REQ-00115,2026-01-27,LOC-1057,South Central,Fire Protection,exception_review,standard,48,41.0,True,Corporate Safety
REQ-00116,2026-01-27,LOC-1035,Northeast,Facility Services,report_training,standard,48,25.3,True,Corporate Safety
REQ-00117,2026-01-28,LOC-1003,Great Lakes,Uniform Rental,ad_hoc_data_pull,standard,48,35.1,True,Field Operations
REQ-00118,2026-01-28,LOC-1028,Northeast,First Aid & Safety,exception_review,standard,48,40.4,True,Field Operations
REQ-00119,2026-01-28,LOC-1034,Northeast,Facility Services,metric_definition,standard,48,28.9,True,Field Operations
REQ-00120,2026-01-28,LOC-1046,Southeast,Facility Services,source_access,standard,48,49.7,False,Corporate Safety
REQ-00121,2026-01-28,LOC-1040,Southeast,First Aid & Safety,report_training,urgent,12,11.2,True,Field Operations
REQ-00122,2026-01-28,LOC-1018,Midwest,First Aid & Safety,ad_hoc_data_pull,low,96,73.2,True,Field Operations
REQ-00123,2026-01-28,LOC-1031,Northeast,Fire Protection,metric_definition,low,96,79.6,True,Field Operations
REQ-00124,2026-01-29,LOC-1043,Southeast,Fire Protection,exception_review,standard,48,61.8,False,Field Operations
REQ-00125,2026-01-29,LOC-1038,Southeast,Uniform Rental,ad_hoc_data_pull,low,96,78.4,True,Corporate Safety
REQ-00126,2026-01-29,LOC-1057,South Central,Fire Protection,metric_definition,standard,48,29.1,True,Business Leader
REQ-00127,2026-01-29,LOC-1067,West,Fire Protection,report_training,standard,48,32.3,True,Field Operations
REQ-00128,2026-01-29,LOC-1014,Midwest,Uniform Rental,metric_definition,standard,48,56.2,False,Corporate Safety
REQ-00129,2026-01-30,LOC-1045,Southeast,Fire Protection,exception_review,standard,48,52.4,False,Corporate Safety
REQ-00130,2026-01-30,LOC-1055,South Central,Fire Protection,exception_review,urgent,12,24.2,False,Corporate Safety
REQ-00131,2026-01-30,LOC-1024,Midwest,Facility Services,ad_hoc_data_pull,standard,48,29.3,True,Corporate Safety
REQ-00132,2026-01-30,LOC-1071,West,Facility Services,report_training,standard,48,23.9,True,Field Operations
REQ-00133,2026-01-30,LOC-1029,Northeast,First Aid & Safety,report_training,standard,48,37.3,True,Business Leader
REQ-00134,2026-01-31,LOC-1003,Great Lakes,Uniform Rental,ad_hoc_data_pull,low,96,84.5,True,Corporate Safety
REQ-00135,2026-01-31,LOC-1072,West,Facility Services,metric_definition,standard,48,48.8,False,Field Operations
REQ-00136,2026-02-01,LOC-1054,South Central,First Aid & Safety,ad_hoc_data_pull,low,96,102.0,False,Field Operations
REQ-00137,2026-02-01,LOC-1042,Southeast,First Aid & Safety,metric_definition,low,96,50.1,True,Field Operations
REQ-00138,2026-02-01,LOC-1048,Southeast,Facility Services,metric_definition,standard,48,43.9,True,Business Leader
REQ-00139,2026-02-01,LOC-1052,South Central,First Aid & Safety,report_training,standard,48,26.2,True,Corporate Safety
REQ-00140,2026-02-01,LOC-1065,West,First Aid & Safety,report_training,low,96,85.8,True,Field Operations
REQ-00141,2026-02-01,LOC-1030,Northeast,First Aid & Safety,report_training,standard,48,29.2,True,Field Operations
REQ-00142,2026-02-01,LOC-1034,Northeast,Facility Services,source_access,standard,48,57.7,False,Field Operations
REQ-00143,2026-02-02,LOC-1008,Great Lakes,Fire Protection,source_access,standard,48,38.4,True,Field Operations
REQ-00144,2026-02-02,LOC-1063,West,Uniform Rental,report_training,standard,48,32.8,True,Business Leader
REQ-00145,2026-02-02,LOC-1030,Northeast,First Aid & Safety,source_access,standard,48,23.7,True,Business Leader
REQ-00146,2026-02-02,LOC-1007,Great Lakes,Fire Protection,report_training,standard,48,37.3,True,Corporate Safety
REQ-00147,2026-02-02,LOC-1004,Great Lakes,First Aid & Safety,report_training,low,96,40.5,True,Business Leader
REQ-00148,2026-02-02,LOC-1014,Midwest,Uniform Rental,exception_review,standard,48,26.0,True,Field Operations
REQ-00149,2026-02-03,LOC-1027,Northeast,Uniform Rental,source_access,standard,48,54.0,False,Field Operations
REQ-00150,2026-02-03,LOC-1001,Great Lakes,Uniform Rental,ad_hoc_data_pull,standard,48,37.2,True,Business Leader
REQ-00151,2026-02-03,LOC-1014,Midwest,Uniform Rental,ad_hoc_data_pull,standard,48,23.0,True,Field Operations
REQ-00152,2026-02-03,LOC-1058,South Central,Facility Services,metric_definition,standard,48,43.3,True,Corporate Safety
REQ-00153,2026-02-03,LOC-1022,Midwest,Facility Services,report_training,standard,48,46.3,True,Field Operations
REQ-00154,2026-02-03,LOC-1051,South Central,Uniform Rental,ad_hoc_data_pull,standard,48,23.2,True,Corporate Safety
REQ-00155,2026-02-04,LOC-1001,Great Lakes,Uniform Rental,ad_hoc_data_pull,standard,48,34.3,True,Corporate Safety
REQ-00156,2026-02-04,LOC-1024,Midwest,Facility Services,report_training,standard,48,31.8,True,Field Operations
REQ-00157,2026-02-04,LOC-1019,Midwest,Fire Protection,exception_review,standard,48,36.1,True,Field Operations
REQ-00158,2026-02-04,LOC-1033,Northeast,Fire Protection,ad_hoc_data_pull,standard,48,32.8,True,Corporate Safety
REQ-00159,2026-02-04,LOC-1010,Great Lakes,Facility Services,source_access,urgent,12,24.5,False,Field Operations
REQ-00160,2026-02-05,LOC-1038,Southeast,Uniform Rental,exception_review,standard,48,21.6,True,Business Leader
REQ-00161,2026-02-05,LOC-1055,South Central,Fire Protection,ad_hoc_data_pull,standard,48,38.8,True,Field Operations
REQ-00162,2026-02-05,LOC-1021,Midwest,Fire Protection,source_access,standard,48,45.0,True,Field Operations
REQ-00163,2026-02-05,LOC-1048,Southeast,Facility Services,report_training,standard,48,16.5,True,Corporate Safety
REQ-00164,2026-02-05,LOC-1034,Northeast,Facility Services,ad_hoc_data_pull,low,96,57.2,True,Field Operations
REQ-00165,2026-02-06,LOC-1062,West,Uniform Rental,ad_hoc_data_pull,standard,48,15.6,True,Business Leader
REQ-00166,2026-02-06,LOC-1034,Northeast,Facility Services,metric_definition,standard,48,19.7,True,Field Operations
REQ-00167,2026-02-06,LOC-1031,Northeast,Fire Protection,report_training,standard,48,38.8,True,Field Operations
REQ-00168,2026-02-07,LOC-1046,Southeast,Facility Services,report_training,urgent,12,6.3,True,Business Leader
REQ-00169,2026-02-07,LOC-1056,South Central,Fire Protection,exception_review,standard,48,42.1,True,Corporate Safety
REQ-00170,2026-02-07,LOC-1018,Midwest,First Aid & Safety,exception_review,low,96,89.3,True,Field Operations
REQ-00171,2026-02-07,LOC-1011,Great Lakes,Facility Services,source_access,standard,48,64.2,False,Field Operations
REQ-00172,2026-02-08,LOC-1041,Southeast,First Aid & Safety,report_training,standard,48,15.4,True,Field Operations
REQ-00173,2026-02-08,LOC-1001,Great Lakes,Uniform Rental,exception_review,standard,48,41.4,True,Field Operations
REQ-00174,2026-02-09,LOC-1028,Northeast,First Aid & Safety,metric_definition,urgent,12,9.9,True,Corporate Safety
REQ-00175,2026-02-09,LOC-1039,Southeast,Uniform Rental,source_access,standard,48,21.3,True,Field Operations
REQ-00176,2026-02-09,LOC-1001,Great Lakes,Uniform Rental,exception_review,low,96,106.4,False,Field Operations
REQ-00177,2026-02-09,LOC-1043,Southeast,Fire Protection,source_access,standard,48,44.1,True,Corporate Safety
REQ-00178,2026-02-09,LOC-1016,Midwest,First Aid & Safety,report_training,urgent,12,4.0,True,Field Operations
REQ-00179,2026-02-09,LOC-1007,Great Lakes,Fire Protection,report_training,standard,48,32.2,True,Field Operations
REQ-00180,2026-02-09,LOC-1012,Great Lakes,Facility Services,ad_hoc_data_pull,standard,48,63.7,False,Corporate Safety
REQ-00181,2026-02-09,LOC-1006,Great Lakes,First Aid & Safety,source_access,standard,48,52.4,False,Business Leader
REQ-00182,2026-02-10,LOC-1025,Northeast,Uniform Rental,ad_hoc_data_pull,standard,48,28.9,True,Field Operations
REQ-00183,2026-02-10,LOC-1041,Southeast,First Aid & Safety,ad_hoc_data_pull,standard,48,19.0,True,Field Operations
REQ-00184,2026-02-10,LOC-1042,Southeast,First Aid & Safety,ad_hoc_data_pull,standard,48,46.4,True,Field Operations
REQ-00185,2026-02-10,LOC-1006,Great Lakes,First Aid & Safety,exception_review,low,96,89.3,True,Field Operations
REQ-00186,2026-02-10,LOC-1064,West,First Aid & Safety,exception_review,low,96,59.6,True,Corporate Safety
REQ-00187,2026-02-10,LOC-1045,Southeast,Fire Protection,source_access,standard,48,32.2,True,Field Operations
REQ-00188,2026-02-10,LOC-1013,Midwest,Uniform Rental,report_training,low,96,59.1,True,Corporate Safety
REQ-00189,2026-02-10,LOC-1065,West,First Aid & Safety,ad_hoc_data_pull,low,96,108.7,False,Field Operations
REQ-00190,2026-02-11,LOC-1063,West,Uniform Rental,report_training,standard,48,34.1,True,Field Operations
REQ-00191,2026-02-11,LOC-1054,South Central,First Aid & Safety,source_access,standard,48,59.6,False,Field Operations
REQ-00192,2026-02-11,LOC-1005,Great Lakes,First Aid & Safety,report_training,standard,48,23.8,True,Field Operations
REQ-00193,2026-02-11,LOC-1051,South Central,Uniform Rental,exception_review,standard,48,55.5,False,Corporate Safety
REQ-00194,2026-02-11,LOC-1058,South Central,Facility Services,metric_definition,standard,48,39.2,True,Field Operations
REQ-00195,2026-02-11,LOC-1007,Great Lakes,Fire Protection,ad_hoc_data_pull,standard,48,35.1,True,Field Operations
REQ-00196,2026-02-12,LOC-1029,Northeast,First Aid & Safety,source_access,low,96,54.2,True,Business Leader
REQ-00197,2026-02-12,LOC-1012,Great Lakes,Facility Services,exception_review,standard,48,57.6,False,Field Operations
REQ-00198,2026-02-12,LOC-1041,Southeast,First Aid & Safety,ad_hoc_data_pull,standard,48,49.6,False,Field Operations
REQ-00199,2026-02-12,LOC-1014,Midwest,Uniform Rental,report_training,urgent,12,10.4,True,Field Operations
REQ-00200,2026-02-12,LOC-1010,Great Lakes,Facility Services,report_training,standard,48,36.9,True,Field Operations
REQ-00201,2026-02-12,LOC-1014,Midwest,Uniform Rental,report_training,low,96,56.3,True,Field Operations
REQ-00202,2026-02-12,LOC-1019,Midwest,Fire Protection,source_access,low,96,52.8,True,Field Operations
REQ-00203,2026-02-12,LOC-1045,Southeast,Fire Protection,report_training,urgent,12,11.1,True,Field Operations
REQ-00204,2026-02-13,LOC-1029,Northeast,First Aid & Safety,ad_hoc_data_pull,standard,48,31.9,True,Field Operations
REQ-00205,2026-02-13,LOC-1011,Great Lakes,Facility Services,metric_definition,low,96,60.0,True,Field Operations
REQ-00206,2026-02-13,LOC-1051,South Central,Uniform Rental,source_access,standard,48,34.7,True,Field Operations
REQ-00207,2026-02-13,LOC-1066,West,First Aid & Safety,report_training,standard,48,45.9,True,Corporate Safety
REQ-00208,2026-02-13,LOC-1059,South Central,Facility Services,report_training,standard,48,32.5,True,Field Operations
REQ-00209,2026-02-13,LOC-1069,West,Fire Protection,metric_definition,low,96,79.3,True,Corporate Safety
REQ-00210,2026-02-13,LOC-1043,Southeast,Fire Protection,source_access,urgent,12,20.6,False,Field Operations
REQ-00211,2026-02-13,LOC-1032,Northeast,Fire Protection,source_access,low,96,86.7,True,Corporate Safety
REQ-00212,2026-02-14,LOC-1006,Great Lakes,First Aid & Safety,exception_review,standard,48,43.2,True,Corporate Safety
REQ-00213,2026-02-14,LOC-1036,Northeast,Facility Services,ad_hoc_data_pull,standard,48,35.7,True,Field Operations
REQ-00214,2026-02-14,LOC-1003,Great Lakes,Uniform Rental,exception_review,standard,48,42.4,True,Field Operations
REQ-00215,2026-02-14,LOC-1055,South Central,Fire Protection,exception_review,low,96,80.5,True,Field Operations
REQ-00216,2026-02-14,LOC-1047,Southeast,Facility Services,ad_hoc_data_pull,standard,48,45.4,True,Field Operations
REQ-00217,2026-02-14,LOC-1039,Southeast,Uniform Rental,metric_definition,low,96,61.2,True,Field Operations
REQ-00218,2026-02-14,LOC-1043,Southeast,Fire Protection,exception_review,standard,48,36.5,True,Business Leader
REQ-00219,2026-02-15,LOC-1026,Northeast,Uniform Rental,source_access,standard,48,70.8,False,Corporate Safety
REQ-00220,2026-02-15,LOC-1009,Great Lakes,Fire Protection,report_training,low,96,82.3,True,Field Operations
REQ-00221,2026-02-16,LOC-1049,South Central,Uniform Rental,source_access,standard,48,24.5,True,Corporate Safety
REQ-00222,2026-02-16,LOC-1059,South Central,Facility Services,exception_review,urgent,12,18.2,False,Business Leader
REQ-00223,2026-02-16,LOC-1008,Great Lakes,Fire Protection,metric_definition,standard,48,20.3,True,Field Operations
REQ-00224,2026-02-16,LOC-1013,Midwest,Uniform Rental,report_training,standard,48,30.4,True,Corporate Safety
REQ-00225,2026-02-16,LOC-1056,South Central,Fire Protection,metric_definition,standard,48,47.8,True,Corporate Safety
REQ-00226,2026-02-16,LOC-1048,Southeast,Facility Services,source_access,standard,48,39.7,True,Field Operations
REQ-00227,2026-02-16,LOC-1027,Northeast,Uniform Rental,report_training,standard,48,44.8,True,Corporate Safety
REQ-00228,2026-02-17,LOC-1051,South Central,Uniform Rental,metric_definition,urgent,12,6.9,True,Corporate Safety
REQ-00229,2026-02-17,LOC-1068,West,Fire Protection,metric_definition,standard,48,48.8,False,Field Operations
REQ-00230,2026-02-17,LOC-1011,Great Lakes,Facility Services,source_access,standard,48,44.7,True,Field Operations
REQ-00231,2026-02-18,LOC-1068,West,Fire Protection,ad_hoc_data_pull,standard,48,46.0,True,Corporate Safety
REQ-00232,2026-02-18,LOC-1011,Great Lakes,Facility Services,metric_definition,standard,48,42.6,True,Field Operations
REQ-00233,2026-02-18,LOC-1023,Midwest,Facility Services,metric_definition,standard,48,35.7,True,Field Operations
REQ-00234,2026-02-18,LOC-1021,Midwest,Fire Protection,ad_hoc_data_pull,standard,48,52.9,False,Corporate Safety
REQ-00235,2026-02-18,LOC-1040,Southeast,First Aid & Safety,metric_definition,low,96,59.9,True,Field Operations
REQ-00236,2026-02-19,LOC-1019,Midwest,Fire Protection,report_training,low,96,65.6,True,Corporate Safety
REQ-00237,2026-02-19,LOC-1064,West,First Aid & Safety,report_training,standard,48,31.3,True,Corporate Safety
REQ-00238,2026-02-19,LOC-1036,Northeast,Facility Services,source_access,standard,48,64.0,False,Field Operations
REQ-00239,2026-02-19,LOC-1036,Northeast,Facility Services,exception_review,standard,48,63.4,False,Business Leader
REQ-00240,2026-02-19,LOC-1008,Great Lakes,Fire Protection,exception_review,standard,48,26.0,True,Field Operations
REQ-00241,2026-02-19,LOC-1069,West,Fire Protection,source_access,standard,48,38.6,True,Business Leader
REQ-00242,2026-02-20,LOC-1033,Northeast,Fire Protection,exception_review,standard,48,55.7,False,Corporate Safety
REQ-00243,2026-02-20,LOC-1067,West,Fire Protection,exception_review,standard,48,51.8,False,Corporate Safety
REQ-00244,2026-02-20,LOC-1054,South Central,First Aid & Safety,report_training,standard,48,52.1,False,Business Leader
REQ-00245,2026-02-21,LOC-1064,West,First Aid & Safety,exception_review,standard,48,50.1,False,Field Operations
REQ-00246,2026-02-21,LOC-1064,West,First Aid & Safety,source_access,low,96,86.1,True,Corporate Safety
REQ-00247,2026-02-21,LOC-1056,South Central,Fire Protection,metric_definition,standard,48,47.8,True,Field Operations
REQ-00248,2026-02-22,LOC-1049,South Central,Uniform Rental,exception_review,low,96,118.2,False,Field Operations
REQ-00249,2026-02-22,LOC-1038,Southeast,Uniform Rental,metric_definition,standard,48,9.6,True,Field Operations
REQ-00250,2026-02-22,LOC-1070,West,Facility Services,source_access,standard,48,42.6,True,Corporate Safety
REQ-00251,2026-02-23,LOC-1046,Southeast,Facility Services,source_access,standard,48,43.6,True,Field Operations
REQ-00252,2026-02-23,LOC-1060,South Central,Facility Services,ad_hoc_data_pull,low,96,92.0,True,Field Operations
REQ-00253,2026-02-23,LOC-1062,West,Uniform Rental,ad_hoc_data_pull,standard,48,10.0,True,Corporate Safety
REQ-00254,2026-02-24,LOC-1033,Northeast,Fire Protection,source_access,standard,48,58.7,False,Field Operations
REQ-00255,2026-02-24,LOC-1044,Southeast,Fire Protection,exception_review,low,96,94.4,True,Field Operations
REQ-00256,2026-02-24,LOC-1003,Great Lakes,Uniform Rental,exception_review,low,96,109.0,False,Field Operations
REQ-00257,2026-02-24,LOC-1055,South Central,Fire Protection,source_access,standard,48,50.6,False,Business Leader
REQ-00258,2026-02-24,LOC-1016,Midwest,First Aid & Safety,ad_hoc_data_pull,urgent,12,8.4,True,Business Leader
REQ-00259,2026-02-24,LOC-1038,Southeast,Uniform Rental,exception_review,standard,48,41.8,True,Corporate Safety
REQ-00260,2026-02-24,LOC-1037,Southeast,Uniform Rental,ad_hoc_data_pull,urgent,12,12.3,False,Business Leader
REQ-00261,2026-02-24,LOC-1010,Great Lakes,Facility Services,exception_review,standard,48,43.4,True,Corporate Safety
REQ-00262,2026-02-24,LOC-1045,Southeast,Fire Protection,exception_review,low,96,78.3,True,Field Operations
REQ-00263,2026-02-25,LOC-1005,Great Lakes,First Aid & Safety,metric_definition,urgent,12,9.7,True,Business Leader
REQ-00264,2026-02-25,LOC-1038,Southeast,Uniform Rental,ad_hoc_data_pull,standard,48,32.8,True,Business Leader
REQ-00265,2026-02-25,LOC-1042,Southeast,First Aid & Safety,exception_review,low,96,56.8,True,Corporate Safety
REQ-00266,2026-02-26,LOC-1064,West,First Aid & Safety,exception_review,low,96,97.8,False,Corporate Safety
REQ-00267,2026-02-26,LOC-1057,South Central,Fire Protection,ad_hoc_data_pull,urgent,12,5.8,True,Corporate Safety
REQ-00268,2026-02-26,LOC-1012,Great Lakes,Facility Services,ad_hoc_data_pull,standard,48,28.7,True,Corporate Safety
REQ-00269,2026-02-27,LOC-1016,Midwest,First Aid & Safety,exception_review,standard,48,38.1,True,Business Leader
REQ-00270,2026-02-27,LOC-1035,Northeast,Facility Services,exception_review,standard,48,64.3,False,Business Leader
REQ-00271,2026-02-27,LOC-1051,South Central,Uniform Rental,report_training,standard,48,31.0,True,Field Operations
REQ-00272,2026-02-27,LOC-1003,Great Lakes,Uniform Rental,ad_hoc_data_pull,low,96,75.5,True,Corporate Safety
REQ-00273,2026-02-28,LOC-1065,West,First Aid & Safety,report_training,standard,48,28.1,True,Field Operations
REQ-00274,2026-02-28,LOC-1067,West,Fire Protection,ad_hoc_data_pull,urgent,12,7.5,True,Business Leader
REQ-00275,2026-02-28,LOC-1019,Midwest,Fire Protection,ad_hoc_data_pull,urgent,12,9.5,True,Corporate Safety
REQ-00276,2026-02-28,LOC-1016,Midwest,First Aid & Safety,metric_definition,standard,48,25.5,True,Field Operations
REQ-00277,2026-02-28,LOC-1056,South Central,Fire Protection,report_training,standard,48,52.5,False,Business Leader
REQ-00278,2026-03-01,LOC-1028,Northeast,First Aid & Safety,exception_review,low,96,55.6,True,Field Operations
REQ-00279,2026-03-01,LOC-1065,West,First Aid & Safety,ad_hoc_data_pull,standard,48,20.0,True,Field Operations
REQ-00280,2026-03-02,LOC-1037,Southeast,Uniform Rental,metric_definition,urgent,12,5.6,True,Corporate Safety
REQ-00281,2026-03-02,LOC-1059,South Central,Facility Services,exception_review,standard,48,44.5,True,Corporate Safety
REQ-00282,2026-03-02,LOC-1072,West,Facility Services,report_training,low,96,55.9,True,Field Operations
REQ-00283,2026-03-02,LOC-1010,Great Lakes,Facility Services,source_access,low,96,38.3,True,Field Operations
REQ-00284,2026-03-03,LOC-1012,Great Lakes,Facility Services,exception_review,standard,48,31.8,True,Field Operations
REQ-00285,2026-03-03,LOC-1008,Great Lakes,Fire Protection,exception_review,standard,48,38.2,True,Business Leader
REQ-00286,2026-03-04,LOC-1063,West,Uniform Rental,report_training,standard,48,35.7,True,Corporate Safety
REQ-00287,2026-03-04,LOC-1041,Southeast,First Aid & Safety,exception_review,low,96,69.5,True,Business Leader
REQ-00288,2026-03-04,LOC-1055,South Central,Fire Protection,ad_hoc_data_pull,standard,48,38.2,True,Field Operations
REQ-00289,2026-03-04,LOC-1055,South Central,Fire Protection,exception_review,standard,48,46.7,True,Corporate Safety
REQ-00290,2026-03-04,LOC-1046,Southeast,Facility Services,report_training,urgent,12,9.5,True,Field Operations
REQ-00291,2026-03-04,LOC-1048,Southeast,Facility Services,source_access,standard,48,23.2,True,Field Operations
REQ-00292,2026-03-04,LOC-1009,Great Lakes,Fire Protection,report_training,standard,48,32.5,True,Field Operations
REQ-00293,2026-03-04,LOC-1024,Midwest,Facility Services,report_training,urgent,12,6.0,True,Field Operations
REQ-00294,2026-03-04,LOC-1022,Midwest,Facility Services,metric_definition,urgent,12,7.9,True,Corporate Safety
REQ-00295,2026-03-05,LOC-1031,Northeast,Fire Protection,ad_hoc_data_pull,standard,48,31.8,True,Business Leader
REQ-00296,2026-03-05,LOC-1003,Great Lakes,Uniform Rental,report_training,low,96,105.9,False,Field Operations
REQ-00297,2026-03-05,LOC-1056,South Central,Fire Protection,ad_hoc_data_pull,low,96,65.1,True,Field Operations
REQ-00298,2026-03-05,LOC-1007,Great Lakes,Fire Protection,source_access,standard,48,41.2,True,Field Operations
REQ-00299,2026-03-05,LOC-1047,Southeast,Facility Services,report_training,standard,48,23.3,True,Field Operations
REQ-00300,2026-03-06,LOC-1058,South Central,Facility Services,ad_hoc_data_pull,standard,48,36.4,True,Field Operations
REQ-00301,2026-03-06,LOC-1007,Great Lakes,Fire Protection,metric_definition,standard,48,47.4,True,Corporate Safety
REQ-00302,2026-03-06,LOC-1026,Northeast,Uniform Rental,exception_review,standard,48,37.7,True,Field Operations
REQ-00303,2026-03-06,LOC-1013,Midwest,Uniform Rental,report_training,standard,48,30.4,True,Business Leader
REQ-00304,2026-03-06,LOC-1066,West,First Aid & Safety,metric_definition,low,96,78.5,True,Business Leader
REQ-00305,2026-03-06,LOC-1030,Northeast,First Aid & Safety,source_access,low,96,86.4,True,Business Leader
REQ-00306,2026-03-06,LOC-1045,Southeast,Fire Protection,report_training,urgent,12,7.0,True,Field Operations
REQ-00307,2026-03-06,LOC-1052,South Central,First Aid & Safety,exception_review,low,96,86.6,True,Field Operations
REQ-00308,2026-03-06,LOC-1070,West,Facility Services,metric_definition,standard,48,55.2,False,Field Operations
REQ-00309,2026-03-07,LOC-1032,Northeast,Fire Protection,exception_review,standard,48,37.4,True,Corporate Safety
REQ-00310,2026-03-07,LOC-1040,Southeast,First Aid & Safety,ad_hoc_data_pull,standard,48,48.4,False,Business Leader
REQ-00311,2026-03-08,LOC-1016,Midwest,First Aid & Safety,ad_hoc_data_pull,low,96,71.8,True,Field Operations
REQ-00312,2026-03-08,LOC-1039,Southeast,Uniform Rental,exception_review,urgent,12,19.4,False,Field Operations
REQ-00313,2026-03-08,LOC-1009,Great Lakes,Fire Protection,exception_review,standard,48,44.8,True,Field Operations
REQ-00314,2026-03-09,LOC-1038,Southeast,Uniform Rental,source_access,urgent,12,12.4,False,Field Operations
REQ-00315,2026-03-09,LOC-1035,Northeast,Facility Services,metric_definition,urgent,12,8.2,True,Corporate Safety
REQ-00316,2026-03-09,LOC-1010,Great Lakes,Facility Services,ad_hoc_data_pull,standard,48,33.8,True,Field Operations
REQ-00317,2026-03-09,LOC-1040,Southeast,First Aid & Safety,source_access,standard,48,35.0,True,Corporate Safety
REQ-00318,2026-03-09,LOC-1001,Great Lakes,Uniform Rental,metric_definition,low,96,65.2,True,Corporate Safety
REQ-00319,2026-03-09,LOC-1023,Midwest,Facility Services,ad_hoc_data_pull,standard,48,34.0,True,Field Operations
REQ-00320,2026-03-10,LOC-1017,Midwest,First Aid & Safety,ad_hoc_data_pull,low,96,100.7,False,Field Operations
REQ-00321,2026-03-10,LOC-1062,West,Uniform Rental,exception_review,standard,48,37.6,True,Field Operations
REQ-00322,2026-03-10,LOC-1010,Great Lakes,Facility Services,ad_hoc_data_pull,urgent,12,7.8,True,Field Operations
REQ-00323,2026-03-10,LOC-1014,Midwest,Uniform Rental,exception_review,standard,48,22.7,True,Field Operations
REQ-00324,2026-03-10,LOC-1062,West,Uniform Rental,source_access,standard,48,44.4,True,Field Operations
REQ-00325,2026-03-10,LOC-1055,South Central,Fire Protection,ad_hoc_data_pull,standard,48,30.7,True,Business Leader
REQ-00326,2026-03-11,LOC-1028,Northeast,First Aid & Safety,exception_review,standard,48,52.6,False,Business Leader
REQ-00327,2026-03-11,LOC-1008,Great Lakes,Fire Protection,ad_hoc_data_pull,low,96,89.2,True,Corporate Safety
REQ-00328,2026-03-11,LOC-1066,West,First Aid & Safety,exception_review,standard,48,50.2,False,Field Operations
REQ-00329,2026-03-11,LOC-1057,South Central,Fire Protection,ad_hoc_data_pull,standard,48,28.0,True,Field Operations
REQ-00330,2026-03-12,LOC-1026,Northeast,Uniform Rental,metric_definition,standard,48,37.9,True,Corporate Safety
REQ-00331,2026-03-12,LOC-1069,West,Fire Protection,ad_hoc_data_pull,standard,48,38.7,True,Field Operations
REQ-00332,2026-03-12,LOC-1036,Northeast,Facility Services,ad_hoc_data_pull,low,96,97.8,False,Business Leader
REQ-00333,2026-03-13,LOC-1010,Great Lakes,Facility Services,report_training,standard,48,12.4,True,Field Operations
REQ-00334,2026-03-14,LOC-1072,West,Facility Services,source_access,low,96,71.9,True,Corporate Safety
REQ-00335,2026-03-14,LOC-1047,Southeast,Facility Services,exception_review,urgent,12,18.0,False,Corporate Safety
REQ-00336,2026-03-14,LOC-1055,South Central,Fire Protection,ad_hoc_data_pull,low,96,50.4,True,Corporate Safety
REQ-00337,2026-03-14,LOC-1060,South Central,Facility Services,source_access,standard,48,48.4,False,Corporate Safety
REQ-00338,2026-03-14,LOC-1022,Midwest,Facility Services,metric_definition,standard,48,16.0,True,Corporate Safety
REQ-00339,2026-03-14,LOC-1009,Great Lakes,Fire Protection,ad_hoc_data_pull,urgent,12,8.5,True,Field Operations
REQ-00340,2026-03-14,LOC-1048,Southeast,Facility Services,ad_hoc_data_pull,low,96,52.3,True,Corporate Safety
REQ-00341,2026-03-15,LOC-1045,Southeast,Fire Protection,report_training,low,96,33.6,True,Field Operations
REQ-00342,2026-03-15,LOC-1009,Great Lakes,Fire Protection,exception_review,standard,48,46.1,True,Field Operations
REQ-00343,2026-03-15,LOC-1044,Southeast,Fire Protection,exception_review,standard,48,34.9,True,Field Operations
REQ-00344,2026-03-16,LOC-1023,Midwest,Facility Services,metric_definition,standard,48,35.0,True,Corporate Safety
REQ-00345,2026-03-16,LOC-1001,Great Lakes,Uniform Rental,ad_hoc_data_pull,standard,48,26.5,True,Field Operations
REQ-00346,2026-03-17,LOC-1018,Midwest,First Aid & Safety,metric_definition,standard,48,34.0,True,Corporate Safety
REQ-00347,2026-03-17,LOC-1057,South Central,Fire Protection,source_access,low,96,47.8,True,Field Operations
REQ-00348,2026-03-17,LOC-1019,Midwest,Fire Protection,exception_review,standard,48,34.7,True,Field Operations
REQ-00349,2026-03-17,LOC-1062,West,Uniform Rental,report_training,standard,48,27.5,True,Field Operations
REQ-00350,2026-03-18,LOC-1055,South Central,Fire Protection,ad_hoc_data_pull,urgent,12,9.4,True,Corporate Safety
REQ-00351,2026-03-18,LOC-1059,South Central,Facility Services,exception_review,low,96,51.8,True,Field Operations
REQ-00352,2026-03-18,LOC-1064,West,First Aid & Safety,ad_hoc_data_pull,standard,48,21.0,True,Corporate Safety
REQ-00353,2026-03-18,LOC-1053,South Central,First Aid & Safety,source_access,standard,48,60.0,False,Field Operations
REQ-00354,2026-03-18,LOC-1012,Great Lakes,Facility Services,exception_review,low,96,85.7,True,Business Leader
REQ-00355,2026-03-18,LOC-1035,Northeast,Facility Services,ad_hoc_data_pull,low,96,97.3,False,Field Operations
REQ-00356,2026-03-19,LOC-1066,West,First Aid & Safety,exception_review,standard,48,66.4,False,Business Leader
REQ-00357,2026-03-19,LOC-1010,Great Lakes,Facility Services,exception_review,urgent,12,15.7,False,Field Operations
REQ-00358,2026-03-19,LOC-1043,Southeast,Fire Protection,metric_definition,standard,48,25.8,True,Corporate Safety
REQ-00359,2026-03-19,LOC-1012,Great Lakes,Facility Services,ad_hoc_data_pull,urgent,12,7.8,True,Field Operations
REQ-00360,2026-03-19,LOC-1055,South Central,Fire Protection,source_access,standard,48,45.5,True,Business Leader
REQ-00361,2026-03-19,LOC-1069,West,Fire Protection,ad_hoc_data_pull,urgent,12,10.4,True,Corporate Safety
REQ-00362,2026-03-19,LOC-1041,Southeast,First Aid & Safety,exception_review,standard,48,45.7,True,Field Operations
REQ-00363,2026-03-19,LOC-1004,Great Lakes,First Aid & Safety,ad_hoc_data_pull,standard,48,25.6,True,Field Operations
REQ-00364,2026-03-19,LOC-1052,South Central,First Aid & Safety,report_training,standard,48,35.4,True,Field Operations
REQ-00365,2026-03-20,LOC-1014,Midwest,Uniform Rental,ad_hoc_data_pull,low,96,99.7,False,Field Operations
REQ-00366,2026-03-20,LOC-1022,Midwest,Facility Services,metric_definition,standard,48,43.1,True,Field Operations
REQ-00367,2026-03-20,LOC-1016,Midwest,First Aid & Safety,ad_hoc_data_pull,standard,48,25.4,True,Field Operations
REQ-00368,2026-03-21,LOC-1003,Great Lakes,Uniform Rental,exception_review,urgent,12,14.1,False,Corporate Safety
REQ-00369,2026-03-21,LOC-1066,West,First Aid & Safety,exception_review,standard,48,31.7,True,Field Operations
REQ-00370,2026-03-22,LOC-1068,West,Fire Protection,exception_review,urgent,12,17.3,False,Field Operations
REQ-00371,2026-03-22,LOC-1068,West,Fire Protection,metric_definition,urgent,12,8.8,True,Field Operations
REQ-00372,2026-03-22,LOC-1014,Midwest,Uniform Rental,metric_definition,standard,48,20.7,True,Field Operations
REQ-00373,2026-03-22,LOC-1069,West,Fire Protection,exception_review,standard,48,33.6,True,Corporate Safety
REQ-00374,2026-03-22,LOC-1031,Northeast,Fire Protection,ad_hoc_data_pull,standard,48,32.0,True,Field Operations
REQ-00375,2026-03-22,LOC-1067,West,Fire Protection,exception_review,standard,48,54.2,False,Business Leader
REQ-00376,2026-03-23,LOC-1069,West,Fire Protection,ad_hoc_data_pull,urgent,12,7.2,True,Corporate Safety
REQ-00377,2026-03-23,LOC-1006,Great Lakes,First Aid & Safety,ad_hoc_data_pull,standard,48,49.3,False,Field Operations
REQ-00378,2026-03-23,LOC-1045,Southeast,Fire Protection,ad_hoc_data_pull,standard,48,35.6,True,Business Leader
REQ-00379,2026-03-23,LOC-1012,Great Lakes,Facility Services,exception_review,urgent,12,23.9,False,Field Operations
REQ-00380,2026-03-23,LOC-1070,West,Facility Services,exception_review,standard,48,29.4,True,Field Operations
REQ-00381,2026-03-24,LOC-1012,Great Lakes,Facility Services,metric_definition,standard,48,33.4,True,Corporate Safety
REQ-00382,2026-03-24,LOC-1048,Southeast,Facility Services,report_training,standard,48,29.9,True,Corporate Safety
REQ-00383,2026-03-24,LOC-1063,West,Uniform Rental,exception_review,low,96,60.9,True,Business Leader
REQ-00384,2026-03-24,LOC-1067,West,Fire Protection,ad_hoc_data_pull,standard,48,33.2,True,Corporate Safety
REQ-00385,2026-03-25,LOC-1037,Southeast,Uniform Rental,source_access,standard,48,52.0,False,Business Leader
REQ-00386,2026-03-25,LOC-1063,West,Uniform Rental,exception_review,standard,48,54.9,False,Corporate Safety
REQ-00387,2026-03-25,LOC-1001,Great Lakes,Uniform Rental,exception_review,standard,48,42.9,True,Field Operations
REQ-00388,2026-03-25,LOC-1060,South Central,Facility Services,ad_hoc_data_pull,urgent,12,12.4,False,Corporate Safety
REQ-00389,2026-03-25,LOC-1009,Great Lakes,Fire Protection,metric_definition,standard,48,40.9,True,Field Operations
REQ-00390,2026-03-25,LOC-1055,South Central,Fire Protection,exception_review,standard,48,56.2,False,Field Operations
REQ-00391,2026-03-25,LOC-1010,Great Lakes,Facility Services,ad_hoc_data_pull,standard,48,27.5,True,Field Operations
REQ-00392,2026-03-25,LOC-1009,Great Lakes,Fire Protection,ad_hoc_data_pull,standard,48,43.0,True,Corporate Safety
REQ-00393,2026-03-25,LOC-1059,South Central,Facility Services,exception_review,standard,48,46.5,True,Field Operations
REQ-00394,2026-03-26,LOC-1015,Midwest,Uniform Rental,report_training,standard,48,30.3,True,Field Operations
REQ-00395,2026-03-26,LOC-1057,South Central,Fire Protection,ad_hoc_data_pull,standard,48,31.2,True,Corporate Safety
REQ-00396,2026-03-26,LOC-1048,Southeast,Facility Services,source_access,standard,48,50.7,False,Business Leader
REQ-00397,2026-03-26,LOC-1040,Southeast,First Aid & Safety,exception_review,standard,48,37.3,True,Corporate Safety
REQ-00398,2026-03-26,LOC-1022,Midwest,Facility Services,report_training,standard,48,43.9,True,Business Leader
REQ-00399,2026-03-26,LOC-1019,Midwest,Fire Protection,exception_review,standard,48,41.7,True,Corporate Safety
REQ-00400,2026-03-27,LOC-1065,West,First Aid & Safety,source_access,standard,48,35.0,True,Field Operations
REQ-00401,2026-03-27,LOC-1026,Northeast,Uniform Rental,metric_definition,standard,48,36.2,True,Field Operations
REQ-00402,2026-03-27,LOC-1042,Southeast,First Aid & Safety,exception_review,standard,48,49.9,False,Field Operations
REQ-00403,2026-03-27,LOC-1036,Northeast,Facility Services,ad_hoc_data_pull,standard,48,37.2,True,Corporate Safety
REQ-00404,2026-03-27,LOC-1061,West,Uniform Rental,exception_review,standard,48,28.5,True,Corporate Safety
REQ-00405,2026-03-27,LOC-1059,South Central,Facility Services,metric_definition,standard,48,32.9,True,Business Leader
REQ-00406,2026-03-27,LOC-1056,South Central,Fire Protection,source_access,urgent,12,25.1,False,Field Operations
REQ-00407,2026-03-27,LOC-1068,West,Fire Protection,ad_hoc_data_pull,standard,48,40.2,True,Corporate Safety
REQ-00408,2026-03-27,LOC-1024,Midwest,Facility Services,metric_definition,urgent,12,1.7,True,Field Operations
REQ-00409,2026-03-27,LOC-1027,Northeast,Uniform Rental,source_access,standard,48,30.1,True,Field Operations
REQ-00410,2026-03-28,LOC-1041,Southeast,First Aid & Safety,report_training,low,96,82.6,True,Field Operations
REQ-00411,2026-03-28,LOC-1018,Midwest,First Aid & Safety,exception_review,low,96,74.4,True,Corporate Safety
REQ-00412,2026-03-28,LOC-1057,South Central,Fire Protection,source_access,standard,48,49.1,False,Corporate Safety
REQ-00413,2026-03-28,LOC-1045,Southeast,Fire Protection,report_training,standard,48,53.5,False,Field Operations
REQ-00414,2026-03-28,LOC-1006,Great Lakes,First Aid & Safety,source_access,standard,48,52.0,False,Field Operations
REQ-00415,2026-03-29,LOC-1040,Southeast,First Aid & Safety,report_training,standard,48,53.9,False,Field Operations
REQ-00416,2026-03-29,LOC-1044,Southeast,Fire Protection,source_access,standard,48,59.5,False,Corporate Safety
REQ-00417,2026-03-29,LOC-1055,South Central,Fire Protection,report_training,standard,48,20.1,True,Field Operations
REQ-00418,2026-03-30,LOC-1036,Northeast,Facility Services,report_training,standard,48,39.2,True,Field Operations
REQ-00419,2026-03-30,LOC-1004,Great Lakes,First Aid & Safety,ad_hoc_data_pull,standard,48,26.2,True,Field Operations
REQ-00420,2026-03-30,LOC-1049,South Central,Uniform Rental,source_access,standard,48,46.4,True,Field Operations
REQ-00421,2026-03-30,LOC-1070,West,Facility Services,ad_hoc_data_pull,standard,48,28.5,True,Field Operations
REQ-00422,2026-03-30,LOC-1069,West,Fire Protection,report_training,low,96,94.6,True,Business Leader
REQ-00423,2026-03-30,LOC-1058,South Central,Facility Services,source_access,low,96,84.5,True,Field Operations
REQ-00424,2026-03-30,LOC-1035,Northeast,Facility Services,ad_hoc_data_pull,standard,48,44.2,True,Field Operations
REQ-00425,2026-03-31,LOC-1013,Midwest,Uniform Rental,report_training,standard,48,22.6,True,Business Leader
REQ-00426,2026-03-31,LOC-1035,Northeast,Facility Services,report_training,standard,48,31.4,True,Business Leader
REQ-00427,2026-03-31,LOC-1023,Midwest,Facility Services,exception_review,standard,48,52.5,False,Business Leader
REQ-00428,2026-03-31,LOC-1037,Southeast,Uniform Rental,ad_hoc_data_pull,standard,48,19.7,True,Corporate Safety
REQ-00429,2026-04-01,LOC-1063,West,Uniform Rental,ad_hoc_data_pull,standard,48,29.6,True,Business Leader
REQ-00430,2026-04-01,LOC-1010,Great Lakes,Facility Services,ad_hoc_data_pull,urgent,12,8.6,True,Field Operations
REQ-00431,2026-04-01,LOC-1016,Midwest,First Aid & Safety,report_training,low,96,76.8,True,Field Operations
REQ-00432,2026-04-01,LOC-1034,Northeast,Facility Services,exception_review,standard,48,44.3,True,Field Operations
REQ-00433,2026-04-01,LOC-1005,Great Lakes,First Aid & Safety,source_access,standard,48,50.5,False,Corporate Safety
REQ-00434,2026-04-02,LOC-1007,Great Lakes,Fire Protection,ad_hoc_data_pull,low,96,39.7,True,Corporate Safety
REQ-00435,2026-04-02,LOC-1045,Southeast,Fire Protection,source_access,standard,48,42.6,True,Field Operations
REQ-00436,2026-04-02,LOC-1032,Northeast,Fire Protection,report_training,low,96,54.0,True,Corporate Safety
REQ-00437,2026-04-02,LOC-1038,Southeast,Uniform Rental,exception_review,urgent,12,13.3,False,Field Operations
REQ-00438,2026-04-02,LOC-1053,South Central,First Aid & Safety,exception_review,low,96,46.6,True,Field Operations
REQ-00439,2026-04-03,LOC-1020,Midwest,Fire Protection,exception_review,standard,48,47.0,True,Field Operations
REQ-00440,2026-04-03,LOC-1029,Northeast,First Aid & Safety,source_access,urgent,12,23.4,False,Field Operations
REQ-00441,2026-04-03,LOC-1003,Great Lakes,Uniform Rental,ad_hoc_data_pull,low,96,73.6,True,Field Operations
REQ-00442,2026-04-03,LOC-1051,South Central,Uniform Rental,source_access,standard,48,56.5,False,Field Operations
REQ-00443,2026-04-03,LOC-1070,West,Facility Services,ad_hoc_data_pull,low,96,54.0,True,Field Operations
REQ-00444,2026-04-03,LOC-1046,Southeast,Facility Services,report_training,standard,48,24.7,True,Corporate Safety
REQ-00445,2026-04-04,LOC-1010,Great Lakes,Facility Services,ad_hoc_data_pull,standard,48,30.0,True,Corporate Safety
REQ-00446,2026-04-04,LOC-1032,Northeast,Fire Protection,ad_hoc_data_pull,standard,48,24.8,True,Business Leader
REQ-00447,2026-04-05,LOC-1033,Northeast,Fire Protection,exception_review,standard,48,43.3,True,Corporate Safety
REQ-00448,2026-04-05,LOC-1047,Southeast,Facility Services,ad_hoc_data_pull,standard,48,9.8,True,Corporate Safety
REQ-00449,2026-04-05,LOC-1039,Southeast,Uniform Rental,exception_review,standard,48,37.0,True,Corporate Safety
REQ-00450,2026-04-05,LOC-1002,Great Lakes,Uniform Rental,ad_hoc_data_pull,standard,48,32.3,True,Corporate Safety
REQ-00451,2026-04-05,LOC-1034,Northeast,Facility Services,ad_hoc_data_pull,standard,48,14.4,True,Corporate Safety
REQ-00452,2026-04-05,LOC-1053,South Central,First Aid & Safety,exception_review,standard,48,40.9,True,Corporate Safety
REQ-00453,2026-04-05,LOC-1060,South Central,Facility Services,ad_hoc_data_pull,low,96,66.6,True,Corporate Safety
REQ-00454,2026-04-06,LOC-1019,Midwest,Fire Protection,report_training,standard,48,21.8,True,Field Operations
REQ-00455,2026-04-06,LOC-1052,South Central,First Aid & Safety,metric_definition,standard,48,19.2,True,Business Leader
REQ-00456,2026-04-06,LOC-1037,Southeast,Uniform Rental,metric_definition,urgent,12,7.3,True,Field Operations
REQ-00457,2026-04-06,LOC-1033,Northeast,Fire Protection,ad_hoc_data_pull,urgent,12,6.4,True,Field Operations
REQ-00458,2026-04-06,LOC-1009,Great Lakes,Fire Protection,exception_review,standard,48,56.2,False,Field Operations
REQ-00459,2026-04-06,LOC-1022,Midwest,Facility Services,ad_hoc_data_pull,low,96,73.8,True,Corporate Safety
REQ-00460,2026-04-06,LOC-1026,Northeast,Uniform Rental,exception_review,urgent,12,21.9,False,Corporate Safety
REQ-00461,2026-04-06,LOC-1049,South Central,Uniform Rental,exception_review,low,96,124.0,False,Field Operations
REQ-00462,2026-04-07,LOC-1034,Northeast,Facility Services,exception_review,urgent,12,15.2,False,Field Operations
REQ-00463,2026-04-07,LOC-1020,Midwest,Fire Protection,metric_definition,standard,48,44.1,True,Corporate Safety
REQ-00464,2026-04-07,LOC-1047,Southeast,Facility Services,report_training,standard,48,45.5,True,Field Operations
REQ-00465,2026-04-08,LOC-1021,Midwest,Fire Protection,exception_review,standard,48,37.8,True,Field Operations
REQ-00466,2026-04-08,LOC-1064,West,First Aid & Safety,ad_hoc_data_pull,standard,48,47.4,True,Business Leader
REQ-00467,2026-04-09,LOC-1042,Southeast,First Aid & Safety,ad_hoc_data_pull,standard,48,19.7,True,Business Leader
REQ-00468,2026-04-09,LOC-1026,Northeast,Uniform Rental,metric_definition,low,96,50.0,True,Field Operations
REQ-00469,2026-04-09,LOC-1061,West,Uniform Rental,exception_review,urgent,12,19.0,False,Business Leader
REQ-00470,2026-04-10,LOC-1068,West,Fire Protection,metric_definition,standard,48,19.0,True,Field Operations
REQ-00471,2026-04-10,LOC-1007,Great Lakes,Fire Protection,metric_definition,low,96,70.2,True,Corporate Safety
REQ-00472,2026-04-11,LOC-1070,West,Facility Services,exception_review,standard,48,51.0,False,Field Operations
REQ-00473,2026-04-12,LOC-1010,Great Lakes,Facility Services,ad_hoc_data_pull,standard,48,27.7,True,Field Operations
REQ-00474,2026-04-12,LOC-1013,Midwest,Uniform Rental,ad_hoc_data_pull,low,96,54.4,True,Field Operations
REQ-00475,2026-04-12,LOC-1021,Midwest,Fire Protection,report_training,standard,48,39.1,True,Field Operations
REQ-00476,2026-04-12,LOC-1064,West,First Aid & Safety,source_access,standard,48,63.3,False,Field Operations
REQ-00477,2026-04-13,LOC-1063,West,Uniform Rental,ad_hoc_data_pull,standard,48,49.6,False,Business Leader
REQ-00478,2026-04-13,LOC-1005,Great Lakes,First Aid & Safety,report_training,standard,48,48.5,False,Field Operations
REQ-00479,2026-04-13,LOC-1069,West,Fire Protection,exception_review,standard,48,59.6,False,Field Operations
REQ-00480,2026-04-13,LOC-1068,West,Fire Protection,exception_review,standard,48,38.1,True,Field Operations
REQ-00481,2026-04-13,LOC-1022,Midwest,Facility Services,ad_hoc_data_pull,standard,48,34.3,True,Corporate Safety
REQ-00482,2026-04-13,LOC-1067,West,Fire Protection,ad_hoc_data_pull,urgent,12,4.6,True,Corporate Safety
REQ-00483,2026-04-14,LOC-1048,Southeast,Facility Services,source_access,urgent,12,18.9,False,Field Operations
REQ-00484,2026-04-14,LOC-1024,Midwest,Facility Services,ad_hoc_data_pull,low,96,60.8,True,Field Operations
REQ-00485,2026-04-15,LOC-1060,South Central,Facility Services,ad_hoc_data_pull,standard,48,48.5,False,Field Operations
REQ-00486,2026-04-15,LOC-1038,Southeast,Uniform Rental,source_access,standard,48,25.8,True,Field Operations
REQ-00487,2026-04-15,LOC-1019,Midwest,Fire Protection,metric_definition,standard,48,36.6,True,Corporate Safety
REQ-00488,2026-04-15,LOC-1054,South Central,First Aid & Safety,ad_hoc_data_pull,standard,48,23.3,True,Business Leader
REQ-00489,2026-04-15,LOC-1056,South Central,Fire Protection,report_training,low,96,103.1,False,Business Leader
REQ-00490,2026-04-15,LOC-1028,Northeast,First Aid & Safety,report_training,urgent,12,7.4,True,Field Operations
REQ-00491,2026-04-16,LOC-1017,Midwest,First Aid & Safety,exception_review,standard,48,35.1,True,Field Operations
REQ-00492,2026-04-16,LOC-1047,Southeast,Facility Services,ad_hoc_data_pull,standard,48,36.9,True,Corporate Safety
REQ-00493,2026-04-17,LOC-1001,Great Lakes,Uniform Rental,ad_hoc_data_pull,standard,48,47.5,True,Field Operations
REQ-00494,2026-04-17,LOC-1062,West,Uniform Rental,exception_review,standard,48,47.4,True,Field Operations
REQ-00495,2026-04-17,LOC-1034,Northeast,Facility Services,ad_hoc_data_pull,standard,48,51.5,False,Field Operations
REQ-00496,2026-04-18,LOC-1059,South Central,Facility Services,exception_review,standard,48,41.4,True,Corporate Safety
REQ-00497,2026-04-18,LOC-1069,West,Fire Protection,report_training,standard,48,29.0,True,Corporate Safety
REQ-00498,2026-04-18,LOC-1062,West,Uniform Rental,report_training,standard,48,45.0,True,Corporate Safety
REQ-00499,2026-04-19,LOC-1025,Northeast,Uniform Rental,report_training,low,96,116.5,False,Field Operations
REQ-00500,2026-04-19,LOC-1069,West,Fire Protection,ad_hoc_data_pull,standard,48,28.9,True,Field Operations
REQ-00501,2026-04-19,LOC-1027,Northeast,Uniform Rental,ad_hoc_data_pull,urgent,12,6.6,True,Field Operations
REQ-00502,2026-04-19,LOC-1001,Great Lakes,Uniform Rental,ad_hoc_data_pull,urgent,12,5.5,True,Field Operations
REQ-00503,2026-04-19,LOC-1027,Northeast,Uniform Rental,ad_hoc_data_pull,standard,48,23.6,True,Field Operations
REQ-00504,2026-04-20,LOC-1066,West,First Aid & Safety,ad_hoc_data_pull,standard,48,33.2,True,Field Operations
REQ-00505,2026-04-20,LOC-1042,Southeast,First Aid & Safety,exception_review,urgent,12,23.4,False,Corporate Safety
REQ-00506,2026-04-21,LOC-1012,Great Lakes,Facility Services,ad_hoc_data_pull,standard,48,19.0,True,Corporate Safety
REQ-00507,2026-04-21,LOC-1043,Southeast,Fire Protection,ad_hoc_data_pull,urgent,12,5.8,True,Field Operations
REQ-00508,2026-04-21,LOC-1052,South Central,First Aid & Safety,ad_hoc_data_pull,low,96,92.2,True,Field Operations
REQ-00509,2026-04-21,LOC-1002,Great Lakes,Uniform Rental,exception_review,standard,48,22.5,True,Field Operations
REQ-00510,2026-04-21,LOC-1003,Great Lakes,Uniform Rental,exception_review,standard,48,50.1,False,Field Operations
REQ-00511,2026-04-21,LOC-1006,Great Lakes,First Aid & Safety,metric_definition,urgent,12,12.8,False,Business Leader
REQ-00512,2026-04-21,LOC-1004,Great Lakes,First Aid & Safety,source_access,standard,48,42.7,True,Field Operations
REQ-00513,2026-04-21,LOC-1024,Midwest,Facility Services,ad_hoc_data_pull,urgent,12,11.4,True,Corporate Safety
REQ-00514,2026-04-21,LOC-1059,South Central,Facility Services,ad_hoc_data_pull,standard,48,36.7,True,Field Operations
REQ-00515,2026-04-22,LOC-1023,Midwest,Facility Services,source_access,standard,48,40.5,True,Corporate Safety
REQ-00516,2026-04-22,LOC-1059,South Central,Facility Services,report_training,standard,48,28.6,True,Corporate Safety
REQ-00517,2026-04-22,LOC-1010,Great Lakes,Facility Services,exception_review,standard,48,68.8,False,Field Operations
REQ-00518,2026-04-22,LOC-1056,South Central,Fire Protection,report_training,urgent,12,15.1,False,Field Operations
REQ-00519,2026-04-22,LOC-1061,West,Uniform Rental,source_access,urgent,12,22.0,False,Business Leader
REQ-00520,2026-04-22,LOC-1011,Great Lakes,Facility Services,source_access,standard,48,54.7,False,Field Operations
REQ-00521,2026-04-23,LOC-1058,South Central,Facility Services,exception_review,standard,48,53.0,False,Business Leader
REQ-00522,2026-04-23,LOC-1060,South Central,Facility Services,ad_hoc_data_pull,standard,48,33.6,True,Corporate Safety
REQ-00523,2026-04-23,LOC-1057,South Central,Fire Protection,report_training,standard,48,37.0,True,Field Operations
REQ-00524,2026-04-23,LOC-1069,West,Fire Protection,source_access,urgent,12,14.4,False,Field Operations
REQ-00525,2026-04-23,LOC-1056,South Central,Fire Protection,ad_hoc_data_pull,low,96,59.9,True,Field Operations
REQ-00526,2026-04-24,LOC-1008,Great Lakes,Fire Protection,exception_review,standard,48,42.7,True,Business Leader
REQ-00527,2026-04-25,LOC-1065,West,First Aid & Safety,report_training,low,96,56.1,True,Corporate Safety
REQ-00528,2026-04-25,LOC-1041,Southeast,First Aid & Safety,report_training,standard,48,29.2,True,Field Operations
REQ-00529,2026-04-25,LOC-1026,Northeast,Uniform Rental,ad_hoc_data_pull,standard,48,3.5,True,Corporate Safety
REQ-00530,2026-04-25,LOC-1015,Midwest,Uniform Rental,exception_review,standard,48,44.0,True,Business Leader
REQ-00531,2026-04-26,LOC-1001,Great Lakes,Uniform Rental,exception_review,standard,48,52.1,False,Field Operations
REQ-00532,2026-04-26,LOC-1013,Midwest,Uniform Rental,source_access,standard,48,38.9,True,Corporate Safety
REQ-00533,2026-04-26,LOC-1027,Northeast,Uniform Rental,exception_review,low,96,89.4,True,Corporate Safety
REQ-00534,2026-04-26,LOC-1036,Northeast,Facility Services,exception_review,urgent,12,34.5,False,Field Operations
REQ-00535,2026-04-26,LOC-1070,West,Facility Services,exception_review,low,96,85.9,True,Corporate Safety
REQ-00536,2026-04-26,LOC-1064,West,First Aid & Safety,exception_review,urgent,12,18.3,False,Business Leader
REQ-00537,2026-04-26,LOC-1049,South Central,Uniform Rental,exception_review,standard,48,35.2,True,Field Operations
REQ-00538,2026-04-26,LOC-1034,Northeast,Facility Services,source_access,standard,48,42.4,True,Field Operations
REQ-00539,2026-04-27,LOC-1026,Northeast,Uniform Rental,exception_review,urgent,12,26.3,False,Corporate Safety
REQ-00540,2026-04-27,LOC-1004,Great Lakes,First Aid & Safety,report_training,urgent,12,12.6,False,Business Leader
REQ-00541,2026-04-27,LOC-1019,Midwest,Fire Protection,ad_hoc_data_pull,standard,48,49.1,False,Corporate Safety
REQ-00542,2026-04-27,LOC-1057,South Central,Fire Protection,exception_review,standard,48,49.8,False,Corporate Safety
REQ-00543,2026-04-27,LOC-1056,South Central,Fire Protection,report_training,standard,48,21.5,True,Field Operations
REQ-00544,2026-04-27,LOC-1053,South Central,First Aid & Safety,metric_definition,urgent,12,10.3,True,Field Operations
REQ-00545,2026-04-27,LOC-1015,Midwest,Uniform Rental,source_access,standard,48,62.9,False,Business Leader
REQ-00546,2026-04-27,LOC-1033,Northeast,Fire Protection,exception_review,standard,48,37.3,True,Field Operations
REQ-00547,2026-04-28,LOC-1030,Northeast,First Aid & Safety,ad_hoc_data_pull,standard,48,37.2,True,Corporate Safety
REQ-00548,2026-04-28,LOC-1006,Great Lakes,First Aid & Safety,report_training,standard,48,27.7,True,Field Operations
REQ-00549,2026-04-29,LOC-1023,Midwest,Facility Services,ad_hoc_data_pull,low,96,54.8,True,Field Operations
REQ-00550,2026-04-29,LOC-1030,Northeast,First Aid & Safety,source_access,low,96,96.7,False,Field Operations
REQ-00551,2026-04-29,LOC-1035,Northeast,Facility Services,report_training,standard,48,42.0,True,Field Operations
REQ-00552,2026-04-29,LOC-1004,Great Lakes,First Aid & Safety,metric_definition,urgent,12,8.6,True,Business Leader
REQ-00553,2026-04-29,LOC-1050,South Central,Uniform Rental,report_training,standard,48,29.3,True,Field Operations
REQ-00554,2026-04-30,LOC-1040,Southeast,First Aid & Safety,metric_definition,standard,48,28.3,True,Corporate Safety
REQ-00555,2026-04-30,LOC-1002,Great Lakes,Uniform Rental,report_training,standard,48,31.9,True,Field Operations
REQ-00556,2026-05-01,LOC-1068,West,Fire Protection,metric_definition,standard,48,36.4,True,Field Operations
REQ-00557,2026-05-01,LOC-1033,Northeast,Fire Protection,exception_review,standard,48,42.2,True,Business Leader
REQ-00558,2026-05-02,LOC-1060,South Central,Facility Services,ad_hoc_data_pull,standard,48,35.7,True,Field Operations
REQ-00559,2026-05-02,LOC-1017,Midwest,First Aid & Safety,ad_hoc_data_pull,urgent,12,6.5,True,Field Operations
REQ-00560,2026-05-02,LOC-1070,West,Facility Services,ad_hoc_data_pull,standard,48,40.5,True,Field Operations
REQ-00561,2026-05-02,LOC-1063,West,Uniform Rental,exception_review,low,96,79.2,True,Field Operations
REQ-00562,2026-05-02,LOC-1036,Northeast,Facility Services,report_training,standard,48,34.1,True,Field Operations
REQ-00563,2026-05-02,LOC-1042,Southeast,First Aid & Safety,ad_hoc_data_pull,standard,48,19.6,True,Business Leader
REQ-00564,2026-05-02,LOC-1061,West,Uniform Rental,exception_review,standard,48,27.8,True,Field Operations
REQ-00565,2026-05-02,LOC-1069,West,Fire Protection,ad_hoc_data_pull,standard,48,34.3,True,Corporate Safety
REQ-00566,2026-05-03,LOC-1053,South Central,First Aid & Safety,metric_definition,standard,48,17.9,True,Field Operations
REQ-00567,2026-05-03,LOC-1009,Great Lakes,Fire Protection,exception_review,urgent,12,13.6,False,Field Operations
REQ-00568,2026-05-04,LOC-1030,Northeast,First Aid & Safety,report_training,standard,48,36.3,True,Field Operations
REQ-00569,2026-05-04,LOC-1030,Northeast,First Aid & Safety,metric_definition,urgent,12,9.8,True,Business Leader
REQ-00570,2026-05-04,LOC-1054,South Central,First Aid & Safety,ad_hoc_data_pull,standard,48,41.3,True,Field Operations
REQ-00571,2026-05-05,LOC-1027,Northeast,Uniform Rental,exception_review,low,96,51.9,True,Field Operations
REQ-00572,2026-05-05,LOC-1031,Northeast,Fire Protection,ad_hoc_data_pull,standard,48,21.4,True,Corporate Safety
REQ-00573,2026-05-05,LOC-1045,Southeast,Fire Protection,metric_definition,low,96,67.7,True,Corporate Safety
REQ-00574,2026-05-05,LOC-1009,Great Lakes,Fire Protection,metric_definition,standard,48,30.0,True,Field Operations
REQ-00575,2026-05-06,LOC-1003,Great Lakes,Uniform Rental,source_access,standard,48,56.7,False,Corporate Safety
REQ-00576,2026-05-06,LOC-1017,Midwest,First Aid & Safety,metric_definition,standard,48,36.3,True,Field Operations
REQ-00577,2026-05-06,LOC-1033,Northeast,Fire Protection,source_access,urgent,12,16.1,False,Field Operations
REQ-00578,2026-05-06,LOC-1024,Midwest,Facility Services,metric_definition,standard,48,24.7,True,Field Operations
REQ-00579,2026-05-06,LOC-1028,Northeast,First Aid & Safety,metric_definition,standard,48,30.6,True,Field Operations
REQ-00580,2026-05-06,LOC-1072,West,Facility Services,report_training,low,96,34.0,True,Field Operations
REQ-00581,2026-05-07,LOC-1027,Northeast,Uniform Rental,source_access,standard,48,37.8,True,Business Leader
REQ-00582,2026-05-07,LOC-1066,West,First Aid & Safety,exception_review,low,96,99.0,False,Field Operations
REQ-00583,2026-05-07,LOC-1055,South Central,Fire Protection,metric_definition,standard,48,17.2,True,Corporate Safety
REQ-00584,2026-05-07,LOC-1002,Great Lakes,Uniform Rental,exception_review,standard,48,43.2,True,Corporate Safety
REQ-00585,2026-05-07,LOC-1037,Southeast,Uniform Rental,ad_hoc_data_pull,standard,48,30.5,True,Field Operations
REQ-00586,2026-05-07,LOC-1071,West,Facility Services,ad_hoc_data_pull,low,96,59.5,True,Field Operations
REQ-00587,2026-05-07,LOC-1039,Southeast,Uniform Rental,exception_review,standard,48,33.1,True,Field Operations
REQ-00588,2026-05-08,LOC-1024,Midwest,Facility Services,ad_hoc_data_pull,low,96,34.2,True,Field Operations
REQ-00589,2026-05-08,LOC-1047,Southeast,Facility Services,ad_hoc_data_pull,standard,48,51.3,False,Corporate Safety
REQ-00590,2026-05-08,LOC-1041,Southeast,First Aid & Safety,exception_review,standard,48,35.6,True,Field Operations
REQ-00591,2026-05-08,LOC-1032,Northeast,Fire Protection,source_access,standard,48,27.6,True,Field Operations
REQ-00592,2026-05-09,LOC-1053,South Central,First Aid & Safety,report_training,standard,48,25.8,True,Field Operations
REQ-00593,2026-05-09,LOC-1044,Southeast,Fire Protection,report_training,standard,48,48.1,False,Field Operations
REQ-00594,2026-05-09,LOC-1043,Southeast,Fire Protection,exception_review,low,96,78.9,True,Field Operations
REQ-00595,2026-05-09,LOC-1027,Northeast,Uniform Rental,ad_hoc_data_pull,standard,48,35.8,True,Field Operations
REQ-00596,2026-05-09,LOC-1021,Midwest,Fire Protection,metric_definition,urgent,12,4.1,True,Business Leader
REQ-00597,2026-05-10,LOC-1007,Great Lakes,Fire Protection,exception_review,low,96,56.7,True,Field Operations
REQ-00598,2026-05-10,LOC-1033,Northeast,Fire Protection,exception_review,standard,48,44.0,True,Field Operations
REQ-00599,2026-05-10,LOC-1045,Southeast,Fire Protection,ad_hoc_data_pull,low,96,90.5,True,Business Leader
REQ-00600,2026-05-10,LOC-1006,Great Lakes,First Aid & Safety,exception_review,standard,48,35.9,True,Field Operations
REQ-00601,2026-05-10,LOC-1011,Great Lakes,Facility Services,exception_review,standard,48,46.9,True,Field Operations
REQ-00602,2026-05-10,LOC-1063,West,Uniform Rental,ad_hoc_data_pull,standard,48,37.0,True,Field Operations
REQ-00603,2026-05-11,LOC-1072,West,Facility Services,ad_hoc_data_pull,urgent,12,11.1,True,Corporate Safety
REQ-00604,2026-05-11,LOC-1024,Midwest,Facility Services,exception_review,urgent,12,21.3,False,Business Leader
REQ-00605,2026-05-11,LOC-1052,South Central,First Aid & Safety,ad_hoc_data_pull,standard,48,33.7,True,Field Operations
REQ-00606,2026-05-11,LOC-1032,Northeast,Fire Protection,metric_definition,low,96,81.2,True,Corporate Safety
REQ-00607,2026-05-12,LOC-1022,Midwest,Facility Services,ad_hoc_data_pull,standard,48,31.7,True,Field Operations
REQ-00608,2026-05-12,LOC-1068,West,Fire Protection,exception_review,standard,48,55.0,False,Business Leader
REQ-00609,2026-05-12,LOC-1018,Midwest,First Aid & Safety,exception_review,standard,48,34.2,True,Field Operations
REQ-00610,2026-05-12,LOC-1011,Great Lakes,Facility Services,source_access,standard,48,46.8,True,Field Operations
REQ-00611,2026-05-12,LOC-1043,Southeast,Fire Protection,exception_review,standard,48,46.0,True,Corporate Safety
REQ-00612,2026-05-12,LOC-1047,Southeast,Facility Services,metric_definition,urgent,12,7.6,True,Field Operations
REQ-00613,2026-05-12,LOC-1045,Southeast,Fire Protection,ad_hoc_data_pull,low,96,88.1,True,Field Operations
REQ-00614,2026-05-13,LOC-1061,West,Uniform Rental,report_training,low,96,63.5,True,Field Operations
REQ-00615,2026-05-13,LOC-1045,Southeast,Fire Protection,report_training,standard,48,35.1,True,Business Leader
REQ-00616,2026-05-13,LOC-1072,West,Facility Services,report_training,standard,48,51.5,False,Field Operations
REQ-00617,2026-05-13,LOC-1067,West,Fire Protection,report_training,standard,48,50.2,False,Corporate Safety
REQ-00618,2026-05-14,LOC-1031,Northeast,Fire Protection,exception_review,standard,48,34.6,True,Field Operations
REQ-00619,2026-05-14,LOC-1042,Southeast,First Aid & Safety,exception_review,standard,48,50.7,False,Field Operations
REQ-00620,2026-05-14,LOC-1007,Great Lakes,Fire Protection,ad_hoc_data_pull,urgent,12,9.1,True,Business Leader
REQ-00621,2026-05-14,LOC-1063,West,Uniform Rental,ad_hoc_data_pull,standard,48,31.9,True,Business Leader
REQ-00622,2026-05-15,LOC-1047,Southeast,Facility Services,ad_hoc_data_pull,standard,48,36.2,True,Corporate Safety
REQ-00623,2026-05-15,LOC-1054,South Central,First Aid & Safety,ad_hoc_data_pull,standard,48,36.7,True,Field Operations
REQ-00624,2026-05-16,LOC-1007,Great Lakes,Fire Protection,report_training,standard,48,21.3,True,Field Operations
REQ-00625,2026-05-16,LOC-1067,West,Fire Protection,metric_definition,standard,48,43.7,True,Corporate Safety
REQ-00626,2026-05-16,LOC-1054,South Central,First Aid & Safety,ad_hoc_data_pull,standard,48,54.7,False,Corporate Safety
REQ-00627,2026-05-16,LOC-1068,West,Fire Protection,report_training,standard,48,43.4,True,Field Operations
REQ-00628,2026-05-16,LOC-1052,South Central,First Aid & Safety,exception_review,urgent,12,24.2,False,Corporate Safety
REQ-00629,2026-05-16,LOC-1008,Great Lakes,Fire Protection,ad_hoc_data_pull,standard,48,33.2,True,Corporate Safety
REQ-00630,2026-05-16,LOC-1030,Northeast,First Aid & Safety,exception_review,low,96,63.0,True,Corporate Safety
REQ-00631,2026-05-16,LOC-1058,South Central,Facility Services,source_access,standard,48,43.0,True,Field Operations
REQ-00632,2026-05-17,LOC-1043,Southeast,Fire Protection,source_access,standard,48,44.7,True,Field Operations
REQ-00633,2026-05-18,LOC-1065,West,First Aid & Safety,ad_hoc_data_pull,low,96,20.8,True,Corporate Safety
REQ-00634,2026-05-18,LOC-1030,Northeast,First Aid & Safety,exception_review,standard,48,37.1,True,Field Operations
REQ-00635,2026-05-18,LOC-1058,South Central,Facility Services,ad_hoc_data_pull,urgent,12,11.4,True,Field Operations
REQ-00636,2026-05-18,LOC-1056,South Central,Fire Protection,exception_review,urgent,12,30.1,False,Field Operations
REQ-00637,2026-05-18,LOC-1048,Southeast,Facility Services,exception_review,low,96,125.3,False,Field Operations
REQ-00638,2026-05-19,LOC-1054,South Central,First Aid & Safety,exception_review,standard,48,62.2,False,Corporate Safety
REQ-00639,2026-05-19,LOC-1053,South Central,First Aid & Safety,ad_hoc_data_pull,standard,48,35.3,True,Business Leader
REQ-00640,2026-05-19,LOC-1037,Southeast,Uniform Rental,ad_hoc_data_pull,standard,48,43.4,True,Corporate Safety
REQ-00641,2026-05-19,LOC-1016,Midwest,First Aid & Safety,report_training,standard,48,41.6,True,Field Operations
REQ-00642,2026-05-20,LOC-1062,West,Uniform Rental,source_access,urgent,12,14.0,False,Field Operations
REQ-00643,2026-05-20,LOC-1010,Great Lakes,Facility Services,ad_hoc_data_pull,urgent,12,9.7,True,Field Operations
REQ-00644,2026-05-20,LOC-1042,Southeast,First Aid & Safety,ad_hoc_data_pull,standard,48,54.2,False,Business Leader
REQ-00645,2026-05-20,LOC-1016,Midwest,First Aid & Safety,metric_definition,standard,48,25.7,True,Field Operations
REQ-00646,2026-05-20,LOC-1009,Great Lakes,Fire Protection,report_training,standard,48,47.5,True,Corporate Safety
REQ-00647,2026-05-20,LOC-1029,Northeast,First Aid & Safety,exception_review,standard,48,37.6,True,Field Operations
REQ-00648,2026-05-20,LOC-1041,Southeast,First Aid & Safety,source_access,standard,48,48.1,False,Field Operations
REQ-00649,2026-05-20,LOC-1065,West,First Aid & Safety,exception_review,standard,48,37.3,True,Field Operations
REQ-00650,2026-05-20,LOC-1025,Northeast,Uniform Rental,report_training,standard,48,34.6,True,Field Operations
REQ-00651,2026-05-20,LOC-1041,Southeast,First Aid & Safety,source_access,standard,48,45.8,True,Business Leader
REQ-00652,2026-05-20,LOC-1051,South Central,Uniform Rental,ad_hoc_data_pull,urgent,12,7.8,True,Field Operations
REQ-00653,2026-05-21,LOC-1068,West,Fire Protection,ad_hoc_data_pull,standard,48,39.3,True,Corporate Safety
REQ-00654,2026-05-22,LOC-1011,Great Lakes,Facility Services,source_access,standard,48,25.4,True,Field Operations
REQ-00655,2026-05-22,LOC-1050,South Central,Uniform Rental,metric_definition,standard,48,54.7,False,Business Leader
REQ-00656,2026-05-22,LOC-1019,Midwest,Fire Protection,report_training,standard,48,43.5,True,Field Operations
REQ-00657,2026-05-22,LOC-1048,Southeast,Facility Services,source_access,low,96,112.5,False,Field Operations
REQ-00658,2026-05-23,LOC-1020,Midwest,Fire Protection,report_training,standard,48,32.1,True,Field Operations
REQ-00659,2026-05-23,LOC-1044,Southeast,Fire Protection,exception_review,urgent,12,15.9,False,Corporate Safety
REQ-00660,2026-05-23,LOC-1005,Great Lakes,First Aid & Safety,ad_hoc_data_pull,standard,48,30.6,True,Corporate Safety
REQ-00661,2026-05-23,LOC-1057,South Central,Fire Protection,exception_review,standard,48,56.8,False,Corporate Safety
REQ-00662,2026-05-23,LOC-1071,West,Facility Services,ad_hoc_data_pull,standard,48,34.7,True,Field Operations
REQ-00663,2026-05-24,LOC-1056,South Central,Fire Protection,exception_review,standard,48,41.3,True,Field Operations
REQ-00664,2026-05-24,LOC-1016,Midwest,First Aid & Safety,report_training,standard,48,32.5,True,Corporate Safety
REQ-00665,2026-05-25,LOC-1037,Southeast,Uniform Rental,ad_hoc_data_pull,standard,48,19.6,True,Corporate Safety
REQ-00666,2026-05-25,LOC-1024,Midwest,Facility Services,source_access,standard,48,45.1,True,Business Leader
REQ-00667,2026-05-25,LOC-1065,West,First Aid & Safety,metric_definition,low,96,60.1,True,Field Operations
REQ-00668,2026-05-25,LOC-1070,West,Facility Services,exception_review,standard,48,33.2,True,Business Leader
REQ-00669,2026-05-25,LOC-1005,Great Lakes,First Aid & Safety,ad_hoc_data_pull,low,96,85.4,True,Field Operations
REQ-00670,2026-05-25,LOC-1039,Southeast,Uniform Rental,exception_review,standard,48,54.8,False,Business Leader
REQ-00671,2026-05-25,LOC-1069,West,Fire Protection,ad_hoc_data_pull,urgent,12,7.8,True,Field Operations
REQ-00672,2026-05-25,LOC-1023,Midwest,Facility Services,report_training,standard,48,37.4,True,Corporate Safety
REQ-00673,2026-05-25,LOC-1017,Midwest,First Aid & Safety,exception_review,standard,48,45.1,True,Field Operations
REQ-00674,2026-05-25,LOC-1010,Great Lakes,Facility Services,report_training,standard,48,32.6,True,Corporate Safety
REQ-00675,2026-05-25,LOC-1062,West,Uniform Rental,ad_hoc_data_pull,standard,48,39.3,True,Field Operations
REQ-00676,2026-05-26,LOC-1068,West,Fire Protection,report_training,standard,48,11.8,True,Field Operations
REQ-00677,2026-05-26,LOC-1064,West,First Aid & Safety,report_training,standard,48,43.4,True,Field Operations
REQ-00678,2026-05-26,LOC-1054,South Central,First Aid & Safety,exception_review,standard,48,38.6,True,Field Operations
REQ-00679,2026-05-27,LOC-1027,Northeast,Uniform Rental,report_training,urgent,12,7.9,True,Corporate Safety
REQ-00680,2026-05-27,LOC-1071,West,Facility Services,ad_hoc_data_pull,standard,48,13.9,True,Field Operations
REQ-00681,2026-05-27,LOC-1062,West,Uniform Rental,ad_hoc_data_pull,standard,48,19.2,True,Corporate Safety
REQ-00682,2026-05-27,LOC-1053,South Central,First Aid & Safety,metric_definition,standard,48,17.7,True,Corporate Safety
REQ-00683,2026-05-28,LOC-1046,Southeast,Facility Services,report_training,low,96,76.5,True,Field Operations
REQ-00684,2026-05-28,LOC-1058,South Central,Facility Services,exception_review,low,96,91.3,True,Field Operations
REQ-00685,2026-05-28,LOC-1036,Northeast,Facility Services,ad_hoc_data_pull,standard,48,21.7,True,Field Operations
REQ-00686,2026-05-28,LOC-1050,South Central,Uniform Rental,ad_hoc_data_pull,standard,48,36.6,True,Field Operations
REQ-00687,2026-05-29,LOC-1065,West,First Aid & Safety,source_access,standard,48,57.7,False,Field Operations
REQ-00688,2026-05-29,LOC-1036,Northeast,Facility Services,source_access,low,96,97.0,False,Business Leader
REQ-00689,2026-05-29,LOC-1004,Great Lakes,First Aid & Safety,exception_review,standard,48,23.7,True,Field Operations
REQ-00690,2026-05-29,LOC-1024,Midwest,Facility Services,report_training,low,96,63.7,True,Field Operations
REQ-00691,2026-05-30,LOC-1047,Southeast,Facility Services,source_access,standard,48,46.6,True,Field Operations
REQ-00692,2026-05-30,LOC-1032,Northeast,Fire Protection,exception_review,urgent,12,12.3,False,Field Operations
REQ-00693,2026-05-30,LOC-1026,Northeast,Uniform Rental,exception_review,standard,48,51.6,False,Field Operations
REQ-00694,2026-05-31,LOC-1019,Midwest,Fire Protection,metric_definition,standard,48,52.8,False,Field Operations
REQ-00695,2026-05-31,LOC-1062,West,Uniform Rental,exception_review,standard,48,38.3,True,Field Operations
REQ-00696,2026-05-31,LOC-1013,Midwest,Uniform Rental,report_training,standard,48,55.6,False,Corporate Safety
REQ-00697,2026-05-31,LOC-1037,Southeast,Uniform Rental,ad_hoc_data_pull,standard,48,35.1,True,Field Operations
REQ-00698,2026-05-31,LOC-1033,Northeast,Fire Protection,ad_hoc_data_pull,standard,48,22.6,True,Business Leader
REQ-00699,2026-06-01,LOC-1071,West,Facility Services,ad_hoc_data_pull,standard,48,27.2,True,Corporate Safety
REQ-00700,2026-06-01,LOC-1016,Midwest,First Aid & Safety,exception_review,standard,48,46.9,True,Corporate Safety
REQ-00701,2026-06-02,LOC-1066,West,First Aid & Safety,source_access,urgent,12,22.5,False,Field Operations
REQ-00702,2026-06-02,LOC-1030,Northeast,First Aid & Safety,report_training,standard,48,48.1,False,Field Operations
REQ-00703,2026-06-02,LOC-1015,Midwest,Uniform Rental,exception_review,standard,48,53.8,False,Business Leader
REQ-00704,2026-06-02,LOC-1023,Midwest,Facility Services,metric_definition,standard,48,31.3,True,Field Operations
REQ-00705,2026-06-02,LOC-1072,West,Facility Services,ad_hoc_data_pull,low,96,75.1,True,Field Operations
REQ-00706,2026-06-02,LOC-1049,South Central,Uniform Rental,metric_definition,standard,48,29.5,True,Field Operations
REQ-00707,2026-06-02,LOC-1009,Great Lakes,Fire Protection,exception_review,low,96,53.6,True,Field Operations
REQ-00708,2026-06-03,LOC-1008,Great Lakes,Fire Protection,exception_review,urgent,12,15.8,False,Field Operations
REQ-00709,2026-06-03,LOC-1064,West,First Aid & Safety,ad_hoc_data_pull,standard,48,29.2,True,Field Operations
REQ-00710,2026-06-04,LOC-1009,Great Lakes,Fire Protection,ad_hoc_data_pull,standard,48,43.6,True,Business Leader
REQ-00711,2026-06-04,LOC-1020,Midwest,Fire Protection,ad_hoc_data_pull,standard,48,43.8,True,Corporate Safety
REQ-00712,2026-06-04,LOC-1017,Midwest,First Aid & Safety,ad_hoc_data_pull,standard,48,29.8,True,Field Operations
REQ-00713,2026-06-04,LOC-1004,Great Lakes,First Aid & Safety,exception_review,standard,48,39.4,True,Field Operations
REQ-00714,2026-06-04,LOC-1031,Northeast,Fire Protection,ad_hoc_data_pull,low,96,71.6,True,Field Operations
REQ-00715,2026-06-04,LOC-1052,South Central,First Aid & Safety,source_access,urgent,12,23.0,False,Corporate Safety
REQ-00716,2026-06-04,LOC-1017,Midwest,First Aid & Safety,exception_review,low,96,50.8,True,Field Operations
REQ-00717,2026-06-04,LOC-1058,South Central,Facility Services,exception_review,standard,48,44.8,True,Corporate Safety
REQ-00718,2026-06-04,LOC-1017,Midwest,First Aid & Safety,report_training,standard,48,25.3,True,Corporate Safety
REQ-00719,2026-06-04,LOC-1043,Southeast,Fire Protection,source_access,low,96,94.1,True,Field Operations
REQ-00720,2026-06-04,LOC-1021,Midwest,Fire Protection,report_training,standard,48,17.3,True,Business Leader
REQ-00721,2026-06-04,LOC-1003,Great Lakes,Uniform Rental,ad_hoc_data_pull,low,96,82.7,True,Corporate Safety
REQ-00722,2026-06-05,LOC-1016,Midwest,First Aid & Safety,exception_review,low,96,114.2,False,Field Operations
REQ-00723,2026-06-05,LOC-1060,South Central,Facility Services,ad_hoc_data_pull,standard,48,38.9,True,Corporate Safety
REQ-00724,2026-06-05,LOC-1032,Northeast,Fire Protection,exception_review,standard,48,34.4,True,Business Leader
REQ-00725,2026-06-06,LOC-1024,Midwest,Facility Services,ad_hoc_data_pull,low,96,76.8,True,Field Operations
REQ-00726,2026-06-06,LOC-1004,Great Lakes,First Aid & Safety,metric_definition,urgent,12,10.9,True,Corporate Safety
REQ-00727,2026-06-06,LOC-1042,Southeast,First Aid & Safety,metric_definition,low,96,53.8,True,Business Leader
REQ-00728,2026-06-07,LOC-1033,Northeast,Fire Protection,report_training,standard,48,51.3,False,Corporate Safety
REQ-00729,2026-06-07,LOC-1032,Northeast,Fire Protection,report_training,standard,48,41.1,True,Business Leader
REQ-00730,2026-06-07,LOC-1005,Great Lakes,First Aid & Safety,source_access,standard,48,19.5,True,Field Operations
REQ-00731,2026-06-07,LOC-1060,South Central,Facility Services,ad_hoc_data_pull,low,96,46.1,True,Corporate Safety
REQ-00732,2026-06-07,LOC-1025,Northeast,Uniform Rental,ad_hoc_data_pull,standard,48,24.0,True,Corporate Safety
REQ-00733,2026-06-07,LOC-1045,Southeast,Fire Protection,ad_hoc_data_pull,urgent,12,9.3,True,Business Leader
REQ-00734,2026-06-07,LOC-1072,West,Facility Services,report_training,standard,48,13.9,True,Business Leader
REQ-00735,2026-06-07,LOC-1013,Midwest,Uniform Rental,report_training,standard,48,34.7,True,Field Operations
REQ-00736,2026-06-07,LOC-1022,Midwest,Facility Services,ad_hoc_data_pull,urgent,12,7.8,True,Field Operations
REQ-00737,2026-06-08,LOC-1062,West,Uniform Rental,report_training,urgent,12,7.8,True,Corporate Safety
REQ-00738,2026-06-08,LOC-1005,Great Lakes,First Aid & Safety,report_training,standard,48,34.0,True,Field Operations
REQ-00739,2026-06-08,LOC-1025,Northeast,Uniform Rental,metric_definition,standard,48,34.2,True,Business Leader
REQ-00740,2026-06-08,LOC-1025,Northeast,Uniform Rental,exception_review,standard,48,56.3,False,Corporate Safety
REQ-00741,2026-06-09,LOC-1019,Midwest,Fire Protection,metric_definition,low,96,61.4,True,Corporate Safety
REQ-00742,2026-06-09,LOC-1035,Northeast,Facility Services,exception_review,urgent,12,26.8,False,Field Operations
REQ-00743,2026-06-09,LOC-1066,West,First Aid & Safety,exception_review,standard,48,56.8,False,Business Leader
REQ-00744,2026-06-10,LOC-1052,South Central,First Aid & Safety,source_access,low,96,74.2,True,Field Operations
REQ-00745,2026-06-10,LOC-1062,West,Uniform Rental,exception_review,standard,48,54.5,False,Field Operations
REQ-00746,2026-06-10,LOC-1026,Northeast,Uniform Rental,exception_review,standard,48,34.3,True,Corporate Safety
REQ-00747,2026-06-10,LOC-1057,South Central,Fire Protection,exception_review,low,96,81.9,True,Business Leader
REQ-00748,2026-06-11,LOC-1014,Midwest,Uniform Rental,exception_review,standard,48,47.9,True,Field Operations
REQ-00749,2026-06-11,LOC-1047,Southeast,Facility Services,exception_review,low,96,91.1,True,Business Leader
REQ-00750,2026-06-11,LOC-1042,Southeast,First Aid & Safety,exception_review,standard,48,69.0,False,Corporate Safety
REQ-00751,2026-06-12,LOC-1012,Great Lakes,Facility Services,source_access,standard,48,30.5,True,Field Operations
REQ-00752,2026-06-12,LOC-1068,West,Fire Protection,source_access,low,96,113.7,False,Field Operations
REQ-00753,2026-06-12,LOC-1068,West,Fire Protection,ad_hoc_data_pull,low,96,50.1,True,Field Operations
REQ-00754,2026-06-12,LOC-1002,Great Lakes,Uniform Rental,source_access,standard,48,77.9,False,Field Operations
REQ-00755,2026-06-12,LOC-1028,Northeast,First Aid & Safety,ad_hoc_data_pull,standard,48,43.7,True,Field Operations
REQ-00756,2026-06-12,LOC-1044,Southeast,Fire Protection,ad_hoc_data_pull,low,96,54.0,True,Field Operations
REQ-00757,2026-06-12,LOC-1027,Northeast,Uniform Rental,exception_review,urgent,12,17.0,False,Field Operations
REQ-00758,2026-06-12,LOC-1016,Midwest,First Aid & Safety,ad_hoc_data_pull,urgent,12,8.5,True,Field Operations
REQ-00759,2026-06-13,LOC-1033,Northeast,Fire Protection,metric_definition,standard,48,46.5,True,Business Leader
REQ-00760,2026-06-13,LOC-1022,Midwest,Facility Services,metric_definition,low,96,78.6,True,Corporate Safety
REQ-00761,2026-06-13,LOC-1026,Northeast,Uniform Rental,metric_definition,low,96,55.0,True,Field Operations
REQ-00762,2026-06-13,LOC-1001,Great Lakes,Uniform Rental,exception_review,urgent,12,12.4,False,Business Leader
REQ-00763,2026-06-14,LOC-1068,West,Fire Protection,metric_definition,low,96,50.9,True,Field Operations
REQ-00764,2026-06-14,LOC-1002,Great Lakes,Uniform Rental,exception_review,standard,48,23.5,True,Field Operations
REQ-00765,2026-06-14,LOC-1035,Northeast,Facility Services,exception_review,standard,48,38.5,True,Field Operations
REQ-00766,2026-06-14,LOC-1017,Midwest,First Aid & Safety,metric_definition,low,96,104.7,False,Corporate Safety
REQ-00767,2026-06-14,LOC-1005,Great Lakes,First Aid & Safety,metric_definition,low,96,65.9,True,Field Operations
REQ-00768,2026-06-14,LOC-1046,Southeast,Facility Services,metric_definition,urgent,12,11.6,True,Field Operations
REQ-00769,2026-06-14,LOC-1040,Southeast,First Aid & Safety,ad_hoc_data_pull,urgent,12,10.5,True,Field Operations
REQ-00770,2026-06-15,LOC-1037,Southeast,Uniform Rental,ad_hoc_data_pull,standard,48,43.3,True,Field Operations
REQ-00771,2026-06-15,LOC-1018,Midwest,First Aid & Safety,ad_hoc_data_pull,standard,48,53.3,False,Field Operations
REQ-00772,2026-06-15,LOC-1064,West,First Aid & Safety,report_training,urgent,12,8.3,True,Corporate Safety
REQ-00773,2026-06-15,LOC-1046,Southeast,Facility Services,report_training,standard,48,6.8,True,Corporate Safety
REQ-00774,2026-06-15,LOC-1046,Southeast,Facility Services,ad_hoc_data_pull,urgent,12,9.3,True,Field Operations
REQ-00775,2026-06-16,LOC-1042,Southeast,First Aid & Safety,ad_hoc_data_pull,standard,48,31.7,True,Field Operations
REQ-00776,2026-06-16,LOC-1025,Northeast,Uniform Rental,ad_hoc_data_pull,urgent,12,12.5,False,Corporate Safety
REQ-00777,2026-06-16,LOC-1037,Southeast,Uniform Rental,ad_hoc_data_pull,standard,48,31.0,True,Field Operations
REQ-00778,2026-06-16,LOC-1045,Southeast,Fire Protection,metric_definition,urgent,12,8.2,True,Field Operations
REQ-00779,2026-06-16,LOC-1033,Northeast,Fire Protection,ad_hoc_data_pull,standard,48,12.5,True,Field Operations
REQ-00780,2026-06-16,LOC-1041,Southeast,First Aid & Safety,report_training,standard,48,57.4,False,Field Operations
REQ-00781,2026-06-17,LOC-1062,West,Uniform Rental,report_training,standard,48,63.6,False,Corporate Safety
REQ-00782,2026-06-17,LOC-1056,South Central,Fire Protection,report_training,standard,48,44.8,True,Business Leader
REQ-00783,2026-06-17,LOC-1009,Great Lakes,Fire Protection,source_access,low,96,86.7,True,Corporate Safety
REQ-00784,2026-06-17,LOC-1047,Southeast,Facility Services,ad_hoc_data_pull,standard,48,52.3,False,Business Leader
REQ-00785,2026-06-18,LOC-1023,Midwest,Facility Services,report_training,urgent,12,6.5,True,Corporate Safety
REQ-00786,2026-06-20,LOC-1019,Midwest,Fire Protection,report_training,low,96,45.5,True,Field Operations
REQ-00787,2026-06-20,LOC-1003,Great Lakes,Uniform Rental,ad_hoc_data_pull,standard,48,59.4,False,Corporate Safety
REQ-00788,2026-06-20,LOC-1068,West,Fire Protection,exception_review,standard,48,47.6,True,Field Operations
REQ-00789,2026-06-20,LOC-1026,Northeast,Uniform Rental,source_access,standard,48,40.8,True,Field Operations
REQ-00790,2026-06-21,LOC-1022,Midwest,Facility Services,exception_review,low,96,50.1,True,Field Operations
REQ-00791,2026-06-21,LOC-1010,Great Lakes,Facility Services,ad_hoc_data_pull,standard,48,35.3,True,Field Operations
REQ-00792,2026-06-21,LOC-1042,Southeast,First Aid & Safety,ad_hoc_data_pull,standard,48,36.6,True,Corporate Safety
REQ-00793,2026-06-22,LOC-1022,Midwest,Facility Services,report_training,standard,48,15.4,True,Business Leader
REQ-00794,2026-06-22,LOC-1066,West,First Aid & Safety,exception_review,urgent,12,28.5,False,Field Operations
REQ-00795,2026-06-22,LOC-1053,South Central,First Aid & Safety,metric_definition,standard,48,42.3,True,Field Operations
REQ-00796,2026-06-23,LOC-1064,West,First Aid & Safety,metric_definition,low,96,85.7,True,Field Operations
REQ-00797,2026-06-23,LOC-1011,Great Lakes,Facility Services,ad_hoc_data_pull,standard,48,35.2,True,Corporate Safety
REQ-00798,2026-06-23,LOC-1056,South Central,Fire Protection,source_access,low,96,98.0,False,Corporate Safety
REQ-00799,2026-06-23,LOC-1007,Great Lakes,Fire Protection,exception_review,low,96,79.8,True,Field Operations
REQ-00800,2026-06-23,LOC-1031,Northeast,Fire Protection,metric_definition,low,96,56.9,True,Business Leader
REQ-00801,2026-06-24,LOC-1052,South Central,First Aid & Safety,exception_review,standard,48,34.8,True,Field Operations
REQ-00802,2026-06-25,LOC-1050,South Central,Uniform Rental,report_training,low,96,110.6,False,Field Operations
REQ-00803,2026-06-25,LOC-1004,Great Lakes,First Aid & Safety,ad_hoc_data_pull,standard,48,27.5,True,Corporate Safety
REQ-00804,2026-06-25,LOC-1029,Northeast,First Aid & Safety,ad_hoc_data_pull,standard,48,30.7,True,Business Leader
REQ-00805,2026-06-25,LOC-1013,Midwest,Uniform Rental,metric_definition,standard,48,39.6,True,Field Operations
REQ-00806,2026-06-25,LOC-1065,West,First Aid & Safety,exception_review,standard,48,43.6,True,Field Operations
REQ-00807,2026-06-25,LOC-1011,Great Lakes,Facility Services,metric_definition,standard,48,29.5,True,Field Operations
REQ-00808,2026-06-26,LOC-1020,Midwest,Fire Protection,report_training,standard,48,28.4,True,Field Operations
REQ-00809,2026-06-26,LOC-1034,Northeast,Facility Services,exception_review,standard,48,41.9,True,Field Operations
REQ-00810,2026-06-26,LOC-1054,South Central,First Aid & Safety,exception_review,urgent,12,15.2,False,Field Operations
REQ-00811,2026-06-26,LOC-1061,West,Uniform Rental,metric_definition,standard,48,33.2,True,Field Operations
REQ-00812,2026-06-26,LOC-1052,South Central,First Aid & Safety,metric_definition,urgent,12,9.4,True,Corporate Safety
REQ-00813,2026-06-26,LOC-1011,Great Lakes,Facility Services,ad_hoc_data_pull,standard,48,37.8,True,Corporate Safety
REQ-00814,2026-06-26,LOC-1039,Southeast,Uniform Rental,ad_hoc_data_pull,urgent,12,11.3,True,Field Operations
REQ-00815,2026-06-27,LOC-1056,South Central,Fire Protection,report_training,standard,48,46.4,True,Corporate Safety
REQ-00816,2026-06-27,LOC-1062,West,Uniform Rental,ad_hoc_data_pull,standard,48,55.9,False,Field Operations
REQ-00817,2026-06-27,LOC-1044,Southeast,Fire Protection,exception_review,standard,48,69.1,False,Field Operations
REQ-00818,2026-06-28,LOC-1070,West,Facility Services,ad_hoc_data_pull,standard,48,37.4,True,Field Operations
REQ-00819,2026-06-28,LOC-1003,Great Lakes,Uniform Rental,report_training,standard,48,34.2,True,Field Operations
REQ-00820,2026-06-28,LOC-1060,South Central,Facility Services,exception_review,standard,48,48.2,False,Field Operations
REQ-00821,2026-06-28,LOC-1006,Great Lakes,First Aid & Safety,ad_hoc_data_pull,standard,48,12.6,True,Field Operations
REQ-00822,2026-06-28,LOC-1071,West,Facility Services,exception_review,standard,48,44.9,True,Corporate Safety
REQ-00823,2026-06-28,LOC-1047,Southeast,Facility Services,exception_review,standard,48,24.2,True,Business Leader
REQ-00824,2026-06-28,LOC-1008,Great Lakes,Fire Protection,report_training,urgent,12,8.5,True,Business Leader
REQ-00825,2026-06-29,LOC-1006,Great Lakes,First Aid & Safety,source_access,low,96,80.6,True,Corporate Safety
REQ-00826,2026-06-29,LOC-1067,West,Fire Protection,exception_review,low,96,78.5,True,Field Operations
REQ-00827,2026-06-29,LOC-1037,Southeast,Uniform Rental,metric_definition,urgent,12,2.5,True,Corporate Safety
REQ-00828,2026-06-29,LOC-1060,South Central,Facility Services,ad_hoc_data_pull,standard,48,40.6,True,Field Operations
REQ-00829,2026-06-29,LOC-1037,Southeast,Uniform Rental,ad_hoc_data_pull,standard,48,39.3,True,Business Leader
REQ-00830,2026-06-30,LOC-1058,South Central,Facility Services,report_training,standard,48,49.2,False,Field Operations
REQ-00831,2026-06-30,LOC-1036,Northeast,Facility Services,ad_hoc_data_pull,standard,48,30.8,True,Field Operations
REQ-00832,2026-06-30,LOC-1066,West,First Aid & Safety,ad_hoc_data_pull,standard,48,38.2,True,Business Leader
REQ-00833,2026-06-30,LOC-1069,West,Fire Protection,ad_hoc_data_pull,standard,48,53.6,False,Field Operations
REQ-00834,2026-06-30,LOC-1033,Northeast,Fire Protection,exception_review,standard,48,36.4,True,Corporate Safety
REQ-00835,2026-06-30,LOC-1062,West,Uniform Rental,exception_review,low,96,84.3,True,Field Operations
REQ-00836,2026-06-30,LOC-1005,Great Lakes,First Aid & Safety,ad_hoc_data_pull,standard,48,23.4,True,Corporate Safety
REQ-00837,2026-06-30,LOC-1008,Great Lakes,Fire Protection,exception_review,low,96,87.1,True,Business Leader
REQ-00838,2026-06-30,LOC-1022,Midwest,Facility Services,source_access,standard,48,21.8,True,Corporate Safety
REQ-00839,2026-06-30,LOC-1031,Northeast,Fire Protection,ad_hoc_data_pull,low,96,118.2,False,Field Operations
